ref,transient profile,sensor_data,error,control_signal,ESO 1st order,ESO 2nd order,ESO 3rd order,ESO 4th order
1.000000,1.000422,1.004295,-0.003873,1.181263,1.002402,-0.016819,-70.833588,0.000000
1.000000,0.999809,1.004164,-0.004355,1.178965,1.002402,-0.016819,-70.833588,0.000000
1.000000,1.000427,1.003625,-0.003197,1.181284,1.002402,-0.016819,-70.833588,0.000000
1.000000,0.999815,1.003688,-0.003873,1.178985,1.002402,-0.016819,-70.833588,0.000000
1.000000,1.000433,1.003530,-0.003097,1.181304,1.002402,-0.016819,-70.833588,0.000000
1.000000,0.999820,1.003924,-0.004104,1.179006,1.002402,-0.016819,-70.833588,0.000000
1.000000,1.000438,1.003947,-0.003509,1.181325,1.002402,-0.016819,-70.833588,0.000000
1.000000,0.999826,1.003649,-0.003824,1.179026,1.002402,-0.016819,-70.833588,0.000000
1.000000,1.000444,1.003921,-0.003477,1.181345,1.002402,-0.016819,-70.833588,0.000000
1.000000,0.999831,1.002883,-0.003052,1.179047,1.002402,-0.016819,-70.833588,0.000000
1.000000,1.000449,1.003469,-0.003019,1.181366,1.002402,-0.016819,-70.833588,0.000000
1.000000,0.999837,1.003234,-0.003397,1.179067,1.002402,-0.016819,-70.833588,0.000000
1.000000,1.000455,1.003454,-0.002999,1.181386,1.002402,-0.016819,-70.833588,0.000000
1.000000,0.999842,1.003434,-0.003592,1.179088,1.002402,-0.016819,-70.833588,0.000000
1.000000,1.000460,1.003416,-0.002955,1.181407,1.002402,-0.016819,-70.833588,0.000000
1.000000,0.999848,1.003931,-0.004083,1.179109,1.002402,-0.016819,-70.833588,0.000000
1.000000,1.000466,1.003847,-0.003381,1.181428,1.002402,-0.016819,-70.833588,0.000000
1.000000,0.999853,1.003987,-0.004134,1.179129,1.002402,-0.016819,-70.833588,0.000000
1.000000,1.000471,1.004109,-0.003637,1.181448,1.002402,-0.016819,-70.833588,0.000000
1.000000,0.999858,1.006338,-0.006479,1.179150,1.002402,-0.016819,-70.833588,0.000000
1.000000,1.000477,1.004981,-0.004504,1.181469,1.002402,-0.016819,-70.833588,0.000000
1.000000,0.999864,1.004972,-0.005108,1.179170,1.002402,-0.016819,-70.833588,0.000000
1.000000,1.000482,1.004857,-0.004375,1.181489,1.002402,-0.016819,-70.833588,0.000000
1.000000,0.999869,1.004970,-0.005101,1.179191,1.002402,-0.016819,-70.833588,0.000000
1.000000,1.000488,1.004750,-0.004262,1.181510,1.002402,-0.016819,-70.833588,0.000000
1.000000,0.999875,1.004664,-0.004789,1.179211,1.002402,-0.016819,-70.833588,0.000000
1.000000,1.000493,1.004484,-0.003991,1.181530,1.002402,-0.016819,-70.833588,0.000000
1.000000,0.999880,1.004434,-0.004553,1.179232,1.002402,-0.016819,-70.833588,0.000000
1.000000,1.000499,1.005240,-0.004741,1.181551,1.002402,-0.016819,-70.833588,0.000000
1.000000,0.999886,1.005302,-0.005416,1.179253,1.002402,-0.016819,-70.833588,0.000000
1.000000,1.000504,1.005144,-0.004640,1.181571,1.002402,-0.016819,-70.833588,0.000000
1.000000,0.999891,1.005113,-0.005222,1.179273,1.002402,-0.016819,-70.833588,0.000000
1.000000,1.000510,1.006254,-0.005744,1.181592,1.002402,-0.016819,-70.833588,0.000000
1.000000,0.999897,1.005971,-0.006074,1.179294,1.002402,-0.016819,-70.833588,0.000000
1.000000,1.000515,1.005831,-0.005315,1.181613,1.002402,-0.016819,-70.833588,0.000000
1.000000,0.999902,1.005709,-0.005807,1.179314,1.002402,-0.016819,-70.833588,0.000000
1.000000,1.000521,1.006453,-0.005932,1.181633,1.002402,-0.016819,-70.833588,0.000000
1.000000,0.999908,1.005188,-0.005280,1.179335,1.002402,-0.016819,-70.833588,0.000000
1.000000,1.000526,1.005894,-0.005368,1.181654,1.002402,-0.016819,-70.833588,0.000000
1.000000,0.999913,1.005870,-0.005957,1.179356,1.002402,-0.016819,-70.833588,0.000000
1.000000,1.000532,1.007761,-0.007230,1.181674,1.002402,-0.016819,-70.833588,0.000000
1.000000,0.999919,1.007492,-0.007573,1.179376,1.002402,-0.016819,-70.833588,0.000000
1.000000,1.000537,1.007788,-0.007251,1.181695,1.002402,-0.016819,-70.833588,0.000000
1.000000,0.999924,1.006559,-0.006635,1.179397,1.002402,-0.016819,-70.833588,0.000000
1.000000,1.000543,1.006767,-0.006224,1.181715,1.002402,-0.016819,-70.833588,0.000000
1.000000,0.999930,1.006628,-0.006698,1.179417,1.002402,-0.016819,-70.833588,0.000000
1.000000,1.000548,1.006083,-0.005535,1.181736,1.002402,-0.016819,-70.833588,0.000000
1.000000,0.999935,1.005715,-0.005780,1.179438,1.002402,-0.016819,-70.833588,0.000000
1.000000,1.000554,1.004760,-0.004206,1.181757,1.002402,-0.016819,-70.833588,0.000000
1.000000,0.999941,1.004885,-0.004945,1.179458,1.002402,-0.016819,-70.833588,0.000000
1.000000,1.000559,1.004357,-0.003798,1.181777,1.002402,-0.016819,-70.833588,0.000000
1.000000,0.999946,1.004536,-0.004590,1.179479,1.002402,-0.016819,-70.833588,0.000000
1.000000,1.000565,1.004054,-0.003490,1.181798,1.002402,-0.016819,-70.833588,0.000000
1.000000,0.999952,1.004379,-0.004427,1.179500,1.002402,-0.016819,-70.833588,0.000000
1.000000,1.000570,1.004661,-0.004091,1.181818,1.002402,-0.016819,-70.833588,0.000000
1.000000,0.999957,1.004588,-0.004630,1.179520,1.002402,-0.016819,-70.833588,0.000000
1.000000,1.000576,1.004524,-0.003948,1.181839,1.002402,-0.016819,-70.833588,0.000000
1.000000,0.999963,1.004787,-0.004824,1.179541,1.002402,-0.016819,-70.833588,0.000000
1.000000,1.000581,1.004697,-0.004116,1.181859,1.002402,-0.016819,-70.833588,0.000000
1.000000,0.999968,1.004725,-0.004756,1.179561,1.002402,-0.016819,-70.833588,0.000000
1.000000,1.000587,1.004961,-0.004375,1.181880,1.002402,-0.016819,-70.833588,0.000000
1.000000,0.999974,1.005167,-0.005193,1.179582,1.002402,-0.016819,-70.833588,0.000000
1.000000,1.000592,1.005664,-0.005072,1.181900,1.002402,-0.016819,-70.833588,0.000000
1.000000,0.999979,1.005670,-0.005691,1.179602,1.002402,-0.016819,-70.833588,0.000000
1.000000,1.000597,1.005357,-0.004760,1.181921,1.002402,-0.016819,-70.833588,0.000000
1.000000,0.999985,1.005511,-0.005526,1.179623,1.002402,-0.016819,-70.833588,0.000000
1.000000,1.000603,1.005537,-0.004934,1.181942,1.002402,-0.016819,-70.833588,0.000000
1.000000,0.999990,1.005667,-0.005677,1.179643,1.002402,-0.016819,-70.833588,0.000000
1.000000,0.999996,1.005586,-0.005591,1.179664,1.002402,-0.016819,-70.833588,0.000000
1.000000,1.000613,1.006347,-0.005734,1.181979,1.002402,-0.016819,-70.833588,0.000000
1.000000,0.999999,1.006263,-0.006264,1.179676,1.002402,-0.016819,-70.833588,0.000000
1.000000,1.000614,1.006297,-0.005683,1.181983,1.002402,-0.016819,-70.833588,0.000000
1.000000,0.999998,1.006220,-0.006223,1.179672,1.002402,-0.016819,-70.833588,0.000000
1.000000,1.000613,1.005835,-0.005222,1.181978,1.002402,-0.016819,-70.833588,0.000000
1.000000,0.999997,1.005925,-0.005929,1.179668,1.002402,-0.016819,-70.833588,0.000000
1.000000,1.000612,1.005791,-0.005180,1.181974,1.002402,-0.016819,-70.833588,0.000000
1.000000,0.999995,1.005781,-0.005786,1.179663,1.002402,-0.016819,-70.833588,0.000000
1.000000,1.000610,1.005560,-0.004950,1.181969,1.002402,-0.016819,-70.833588,0.000000
1.000000,0.999994,1.005899,-0.005905,1.179659,1.002402,-0.016819,-70.833588,0.000000
1.000000,1.000609,1.006618,-0.006009,1.181965,1.002402,-0.016819,-70.833588,0.000000
1.000000,0.999993,1.006286,-0.006293,1.179654,1.002402,-0.016819,-70.833588,0.000000
1.000000,1.000608,1.006423,-0.005815,1.181960,1.002402,-0.016819,-70.833588,0.000000
1.000000,0.999992,1.006224,-0.006232,1.179650,1.002402,-0.016819,-70.833588,0.000000
1.000000,1.000607,1.006263,-0.005656,1.181956,1.002402,-0.016819,-70.833588,0.000000
1.000000,0.999991,1.007358,-0.007368,1.179645,1.002402,-0.016819,-70.833588,0.000000
1.000000,1.000606,1.007567,-0.006961,1.181951,1.002402,-0.016819,-70.833588,0.000000
1.000000,0.999989,1.007854,-0.007864,1.179641,1.002402,-0.016819,-70.833588,0.000000
1.000000,1.000604,1.007253,-0.006649,1.181947,1.002402,-0.016819,-70.833588,0.000000
1.000000,0.999988,1.006838,-0.006850,1.179636,1.002402,-0.016819,-70.833588,0.000000
1.000000,1.000603,1.006690,-0.006087,1.181943,1.002402,-0.016819,-70.833588,0.000000
1.000000,0.999987,1.006667,-0.006680,1.179632,1.002402,-0.016819,-70.833588,0.000000
1.000000,1.000602,1.006860,-0.006258,1.181938,1.002402,-0.016819,-70.833588,0.000000
1.000000,0.999986,1.007771,-0.007785,1.179627,1.002402,-0.016819,-70.833588,0.000000
1.000000,1.000601,1.007394,-0.006793,1.181934,1.002402,-0.016819,-70.833588,0.000000
1.000000,0.999985,1.007279,-0.007294,1.179623,1.002402,-0.016819,-70.833588,0.000000
1.000000,1.000600,1.007179,-0.006579,1.181929,1.002402,-0.016819,-70.833588,0.000000
1.000000,0.999983,1.007304,-0.007321,1.179618,1.002402,-0.016819,-70.833588,0.000000
1.000000,1.000598,1.007413,-0.006815,1.181924,1.002402,-0.016819,-70.833588,0.000000
1.000000,0.999982,1.007402,-0.007420,1.179614,1.002402,-0.016819,-70.833588,0.000000
1.000000,1.000597,1.007073,-0.006476,1.181920,1.002402,-0.016819,-70.833588,0.000000
1.000000,0.999981,1.006682,-0.006701,1.179609,1.002402,-0.016819,-70.833588,0.000000
1.000000,1.000596,1.007085,-0.006489,1.181916,1.002402,-0.016819,-70.833588,0.000000
1.000000,0.999980,1.007436,-0.007456,1.179605,1.002402,-0.016819,-70.833588,0.000000
1.000000,1.000595,1.007740,-0.007145,1.181911,1.002402,-0.016819,-70.833588,0.000000
1.000000,0.999979,1.007791,-0.007813,1.179600,1.002402,-0.016819,-70.833588,0.000000
1.000000,1.000594,1.007411,-0.006818,1.181907,1.002402,-0.016819,-70.833588,0.000000
1.000000,0.999977,1.007188,-0.007210,1.179596,1.002402,-0.016819,-70.833588,0.000000
1.000000,1.000592,1.007206,-0.006613,1.181902,1.002402,-0.016819,-70.833588,0.000000
1.000000,0.999976,1.007009,-0.007033,1.179592,1.002402,-0.016819,-70.833588,0.000000
1.000000,1.000591,1.007051,-0.006460,1.181898,1.002402,-0.016819,-70.833588,0.000000
1.000000,0.999975,1.007193,-0.007218,1.179587,1.002402,-0.016819,-70.833588,0.000000
1.000000,1.000590,1.007423,-0.006833,1.181893,1.002402,-0.016819,-70.833588,0.000000
1.000000,0.999974,1.009216,-0.009242,1.179582,1.002402,-0.016819,-70.833588,0.000000
1.000000,1.000589,1.009179,-0.008590,1.181889,1.002402,-0.016819,-70.833588,0.000000
1.000000,0.999973,1.008829,-0.008856,1.179578,1.002402,-0.016819,-70.833588,0.000000
1.000000,1.000588,1.009055,-0.008468,1.181884,1.002402,-0.016819,-70.833588,0.000000
1.000000,0.999972,1.008828,-0.008856,1.179574,1.002402,-0.016819,-70.833588,0.000000
1.000000,1.000587,1.007780,-0.007194,1.181880,1.002402,-0.016819,-70.833588,0.000000
1.000000,0.999970,1.007614,-0.007644,1.179569,1.002402,-0.016819,-70.833588,0.000000
1.000000,1.000585,1.007364,-0.006778,1.181875,1.002402,-0.016819,-70.833588,0.000000
1.000000,0.999969,1.007253,-0.007283,1.179565,1.002402,-0.016819,-70.833588,0.000000
1.000000,1.000584,1.007368,-0.006784,1.181871,1.002402,-0.016819,-70.833588,0.000000
1.000000,0.999968,1.007575,-0.007607,1.179560,1.002402,-0.016819,-70.833588,0.000000
1.000000,1.000583,1.007330,-0.006747,1.181867,1.002402,-0.016819,-70.833588,0.000000
1.000000,0.999967,1.007754,-0.007788,1.179556,1.002402,-0.016819,-70.833588,0.000000
1.000000,1.000582,1.008654,-0.008072,1.181862,1.002402,-0.016819,-70.833588,0.000000
1.000000,0.999966,1.009647,-0.009681,1.179551,1.002402,-0.016819,-70.833588,0.000000
1.000000,1.000581,1.009022,-0.008442,1.181857,1.002402,-0.016819,-70.833588,0.000000
1.000000,0.999964,1.009224,-0.009259,1.179547,1.002402,-0.016819,-70.833588,0.000000
1.000000,1.000579,1.009080,-0.008500,1.181853,1.002402,-0.016819,-70.833588,0.000000
1.000000,0.999963,1.009061,-0.009098,1.179542,1.002402,-0.016819,-70.833588,0.000000
1.000000,1.000578,1.008726,-0.008148,1.181849,1.002402,-0.016819,-70.833588,0.000000
1.000000,0.999962,1.009710,-0.009748,1.179538,1.002402,-0.016819,-70.833588,0.000000
1.000000,1.000577,1.009396,-0.008819,1.181844,1.002402,-0.016819,-70.833588,0.000000
1.000000,0.999961,1.009335,-0.009374,1.179533,1.002402,-0.016819,-70.833588,0.000000
1.000000,1.000576,1.009283,-0.008707,1.181840,1.002402,-0.016819,-70.833588,0.000000
1.000000,0.999960,1.009344,-0.009384,1.179529,1.002402,-0.016819,-70.833588,0.000000
1.000000,1.000575,1.009609,-0.009034,1.181835,1.002402,-0.016819,-70.833588,0.000000
1.000000,0.999958,1.009202,-0.009243,1.179525,1.002402,-0.016819,-70.833588,0.000000
1.000000,1.000573,1.009804,-0.009230,1.181831,1.002402,-0.016819,-70.833588,0.000000
1.000000,0.999957,1.009371,-0.009414,1.179520,1.002402,-0.016819,-70.833588,0.000000
1.000000,1.000572,1.009102,-0.008529,1.181826,1.002402,-0.016819,-70.833588,0.000000
1.000000,0.999956,1.008974,-0.009018,1.179515,1.002402,-0.016819,-70.833588,0.000000
1.000000,1.000571,1.009288,-0.008717,1.181822,1.002402,-0.016819,-70.833588,0.000000
1.000000,0.999955,1.009135,-0.009180,1.179511,1.002402,-0.016819,-70.833588,0.000000
1.000000,1.000570,1.008791,-0.008221,1.181817,1.002402,-0.016819,-70.833588,0.000000
1.000000,0.999954,1.008916,-0.008963,1.179507,1.002402,-0.016819,-70.833588,0.000000
1.000000,1.000569,1.008813,-0.008244,1.181813,1.002402,-0.016819,-70.833588,0.000000
1.000000,0.999952,1.008829,-0.008877,1.179502,1.002402,-0.016819,-70.833588,0.000000
1.000000,1.000567,1.008206,-0.007639,1.181808,1.002402,-0.016819,-70.833588,0.000000
1.000000,0.999951,1.008196,-0.008245,1.179498,1.002402,-0.016819,-70.833588,0.000000
1.000000,1.000566,1.008082,-0.007516,1.181804,1.002402,-0.016819,-70.833588,0.000000
1.000000,0.999950,1.007664,-0.007714,1.179493,1.002402,-0.016819,-70.833588,0.000000
1.000000,1.000565,1.007194,-0.006629,1.181800,1.002402,-0.016819,-70.833588,0.000000
1.000000,0.999949,1.006150,-0.006201,1.179489,1.002402,-0.016819,-70.833588,0.000000
1.000000,1.000564,1.007260,-0.006697,1.181795,1.002402,-0.016819,-70.833588,0.000000
1.000000,0.999948,1.007906,-0.007959,1.179484,1.002402,-0.016819,-70.833588,0.000000
1.000000,1.000563,1.008042,-0.007479,1.181790,1.002402,-0.016819,-70.833588,0.000000
1.000000,0.999946,1.008160,-0.008214,1.179480,1.002402,-0.016819,-70.833588,0.000000
1.000000,1.000561,1.008263,-0.007701,1.181786,1.002402,-0.016819,-70.833588,0.000000
1.000000,0.999945,1.010582,-0.010636,1.179475,1.002402,-0.016819,-70.833588,0.000000
1.000000,1.000560,1.012383,-0.011822,1.181781,1.002402,-0.016819,-70.833588,0.000000
1.000000,0.999944,1.011822,-0.011878,1.179471,1.002402,-0.016819,-70.833588,0.000000
1.000000,1.000559,1.011336,-0.010777,1.181777,1.002402,-0.016819,-70.833588,0.000000
1.000000,0.999943,1.011126,-0.011183,1.179466,1.002402,-0.016819,-70.833588,0.000000
1.000000,1.000558,1.011050,-0.010492,1.181773,1.002402,-0.016819,-70.833588,0.000000
1.000000,0.999942,1.010453,-0.010512,1.179462,1.002402,-0.016819,-70.833588,0.000000
1.000000,1.000557,1.010147,-0.009591,1.181768,1.002402,-0.016819,-70.833588,0.000000
1.000000,0.999941,1.010094,-0.010154,1.179457,1.002402,-0.016819,-70.833588,0.000000
1.000000,1.000556,1.010154,-0.009599,1.181764,1.002402,-0.016819,-70.833588,0.000000
1.000000,0.999939,1.008826,-0.008886,1.179453,1.002402,-0.016819,-70.833588,0.000000
1.000000,1.000554,1.008840,-0.008286,1.181759,1.002402,-0.016819,-70.833588,0.000000
1.000000,0.999938,1.009172,-0.009234,1.179448,1.002402,-0.016819,-70.833588,0.000000
1.000000,1.000553,1.010628,-0.010074,1.181755,1.002402,-0.016819,-70.833588,0.000000
1.000000,0.999937,1.011148,-0.011211,1.179444,1.002402,-0.016819,-70.833588,0.000000
1.000000,1.000552,1.010963,-0.010411,1.181750,1.002402,-0.016819,-70.833588,0.000000
1.000000,0.999936,1.010802,-0.010867,1.179439,1.002402,-0.016819,-70.833588,0.000000
1.000000,1.000551,1.010663,-0.010112,1.181746,1.002402,-0.016819,-70.833588,0.000000
1.000000,0.999935,1.010648,-0.010713,1.179435,1.002402,-0.016819,-70.833588,0.000000
1.000000,1.000550,1.010210,-0.009661,1.181741,1.002402,-0.016819,-70.833588,0.000000
1.000000,0.999933,1.009087,-0.009153,1.179431,1.002402,-0.016819,-70.833588,0.000000
1.000000,1.000548,1.009279,-0.008731,1.181737,1.002402,-0.016819,-70.833588,0.000000
1.000000,0.999932,1.011358,-0.011426,1.179426,1.002402,-0.016819,-70.833588,0.000000
1.000000,1.000547,1.011039,-0.010492,1.181732,1.002402,-0.016819,-70.833588,0.000000
1.000000,0.999931,1.011081,-0.011150,1.179422,1.002402,-0.016819,-70.833588,0.000000
1.000000,1.000546,1.011011,-0.010465,1.181728,1.002402,-0.016819,-70.833588,0.000000
1.000000,0.999930,1.012330,-0.012401,1.179417,1.002402,-0.016819,-70.833588,0.000000
1.000000,1.000545,1.011990,-0.011445,1.181723,1.002402,-0.016819,-70.833588,0.000000
1.000000,0.999929,1.011587,-0.011659,1.179413,1.002402,-0.016819,-70.833588,0.000000
1.000000,1.000544,1.011344,-0.010801,1.181719,1.002402,-0.016819,-70.833588,0.000000
1.000000,0.999927,1.010496,-0.010569,1.179408,1.002402,-0.016819,-70.833588,0.000000
1.000000,1.000542,1.010503,-0.009961,1.181714,1.002402,-0.016819,-70.833588,0.000000
1.000000,0.999926,1.010722,-0.010796,1.179404,1.002402,-0.016819,-70.833588,0.000000
1.000000,1.000541,1.011018,-0.010477,1.181710,1.002402,-0.016819,-70.833588,0.000000
1.000000,0.999925,1.011062,-0.011137,1.179399,1.002402,-0.016819,-70.833588,0.000000
1.000000,1.000540,1.011526,-0.010986,1.181706,1.002402,-0.016819,-70.833588,0.000000
1.000000,0.999924,1.011397,-0.011473,1.179395,1.002402,-0.016819,-70.833588,0.000000
1.000000,1.000539,1.011816,-0.011277,1.181701,1.002402,-0.016819,-70.833588,0.000000
1.000000,0.999923,1.010906,-0.010983,1.179390,1.002402,-0.016819,-70.833588,0.000000
1.000000,1.000538,1.010647,-0.010109,1.181697,1.002402,-0.016819,-70.833588,0.000000
1.000000,0.999921,1.010740,-0.010818,1.179386,1.002402,-0.016819,-70.833588,0.000000
1.000000,1.000536,1.010715,-0.010178,1.181692,1.002402,-0.016819,-70.833588,0.000000
1.000000,0.999920,1.010905,-0.010985,1.179381,1.002402,-0.016819,-70.833588,0.000000
1.000000,1.000535,1.010858,-0.010323,1.181688,1.002402,-0.016819,-70.833588,0.000000
1.000000,0.999919,1.011030,-0.011111,1.179377,1.002402,-0.016819,-70.833588,0.000000
1.000000,1.000534,1.010754,-0.010220,1.181683,1.002402,-0.016819,-70.833588,0.000000
1.000000,0.999918,1.011683,-0.011765,1.179372,1.002402,-0.016819,-70.833588,0.000000
1.000000,1.000533,1.011640,-0.011107,1.181679,1.002402,-0.016819,-70.833588,0.000000
1.000000,0.999917,1.011708,-0.011792,1.179368,1.002402,-0.016819,-70.833588,0.000000
1.000000,1.000532,1.012724,-0.012192,1.181674,1.002402,-0.016819,-70.833588,0.000000
1.000000,0.999915,1.012544,-0.012628,1.179364,1.002402,-0.016819,-70.833588,0.000000
1.000000,1.000530,1.012599,-0.012069,1.181670,1.002402,-0.016819,-70.833588,0.000000
1.000000,0.999914,1.012542,-0.012627,1.179359,1.002402,-0.016819,-70.833588,0.000000
1.000000,1.000529,1.012385,-0.011856,1.181665,1.002402,-0.016819,-70.833588,0.000000
1.000000,0.999913,1.012780,-0.012867,1.179355,1.002402,-0.016819,-70.833588,0.000000
1.000000,1.000528,1.012486,-0.011958,1.181661,1.002402,-0.016819,-70.833588,0.000000
1.000000,0.999912,1.013081,-0.013169,1.179350,1.002402,-0.016819,-70.833588,0.000000
1.000000,1.000527,1.012535,-0.012008,1.181656,1.002402,-0.016819,-70.833588,0.000000
1.000000,0.999911,1.012804,-0.012893,1.179346,1.002402,-0.016819,-70.833588,0.000000
1.000000,1.000526,1.012613,-0.012087,1.181652,1.002402,-0.016819,-70.833588,0.000000
1.000000,0.999910,1.012447,-0.012538,1.179341,1.002402,-0.016819,-70.833588,0.000000
1.000000,1.000525,1.011560,-0.011036,1.181647,1.002402,-0.016819,-70.833588,0.000000
1.000000,0.999908,1.011321,-0.011412,1.179337,1.002402,-0.016819,-70.833588,0.000000
1.000000,1.000523,1.012069,-0.011545,1.181643,1.002402,-0.016819,-70.833588,0.000000
1.000000,0.999907,1.013037,-0.013129,1.179332,1.002402,-0.016819,-70.833588,0.000000
1.000000,1.000522,1.013027,-0.012505,1.181638,1.002402,-0.016819,-70.833588,0.000000
1.000000,0.999906,1.012913,-0.013007,1.179328,1.002402,-0.016819,-70.833588,0.000000
1.000000,1.000521,1.013557,-0.013036,1.181634,1.002402,-0.016819,-70.833588,0.000000
1.000000,0.999905,1.012949,-0.013044,1.179323,1.002402,-0.016819,-70.833588,0.000000
1.000000,1.000520,1.012739,-0.012219,1.181630,1.002402,-0.016819,-70.833588,0.000000
1.000000,0.999904,1.012450,-0.012547,1.179319,1.002402,-0.016819,-70.833588,0.000000
1.000000,1.000519,1.012306,-0.011787,1.181625,1.002402,-0.016819,-70.833588,0.000000
1.000000,0.999902,1.011862,-0.011960,1.179314,1.002402,-0.016819,-70.833588,0.000000
1.000000,1.000517,1.011371,-0.010853,1.181621,1.002402,-0.016819,-70.833588,0.000000
1.000000,0.999901,1.011475,-0.011574,1.179310,1.002402,-0.016819,-70.833588,0.000000
1.000000,1.000516,1.011565,-0.011049,1.181616,1.002402,-0.016819,-70.833588,0.000000
1.000000,0.999900,1.011962,-0.012062,1.179305,1.002402,-0.016819,-70.833588,0.000000
1.000000,1.000515,1.011989,-0.011474,1.181612,1.002402,-0.016819,-70.833588,0.000000
1.000000,0.999899,1.011905,-0.012006,1.179301,1.002402,-0.016819,-70.833588,0.000000
1.000000,1.000514,1.011620,-0.011106,1.181607,1.002402,-0.016819,-70.833588,0.000000
1.000000,0.999898,1.012329,-0.012431,1.179296,1.002402,-0.016819,-70.833588,0.000000
1.000000,1.000513,1.011776,-0.011263,1.181603,1.002402,-0.016819,-70.833588,0.000000
1.000000,0.999896,1.011827,-0.011930,1.179292,1.002402,-0.016819,-70.833588,0.000000
1.000000,1.000511,1.011764,-0.011253,1.181598,1.002402,-0.016819,-70.833588,0.000000
1.000000,0.999895,1.012029,-0.012134,1.179288,1.002402,-0.016819,-70.833588,0.000000
1.000000,1.000510,1.011834,-0.011324,1.181594,1.002402,-0.016819,-70.833588,0.000000
1.000000,0.999894,1.012196,-0.012302,1.179283,1.002402,-0.016819,-70.833588,0.000000
1.000000,1.000509,1.012510,-0.012001,1.181589,1.002402,-0.016819,-70.833588,0.000000
1.000000,0.999893,1.011720,-0.011828,1.179278,1.002402,-0.016819,-70.833588,0.000000
1.000000,1.000508,1.011778,-0.011271,1.181585,1.002402,-0.016819,-70.833588,0.000000
1.000000,0.999892,1.011829,-0.011937,1.179274,1.002402,-0.016819,-70.833588,0.000000
1.000000,1.000507,1.011236,-0.010729,1.181580,1.002402,-0.016819,-70.833588,0.000000
1.000000,0.999890,1.011358,-0.011467,1.179270,1.002402,-0.016819,-70.833588,0.000000
1.000000,1.000505,1.011676,-0.011170,1.181576,1.002402,-0.016819,-70.833588,0.000000
1.000000,0.999889,1.011634,-0.011744,1.179265,1.002402,-0.016819,-70.833588,0.000000
1.000000,1.000504,1.012128,-0.011624,1.181571,1.002402,-0.016819,-70.833588,0.000000
1.000000,0.999888,1.012557,-0.012669,1.179261,1.002402,-0.016819,-70.833588,0.000000
1.000000,1.000503,1.012505,-0.012002,1.181567,1.002402,-0.016819,-70.833588,0.000000
1.000000,0.999887,1.013203,-0.013316,1.179256,1.002402,-0.016819,-70.833588,0.000000
1.000000,1.000502,1.013172,-0.012670,1.181563,1.002402,-0.016819,-70.833588,0.000000
1.000000,0.999886,1.013463,-0.013578,1.179252,1.002402,-0.016819,-70.833588,0.000000
1.000000,1.000501,1.013504,-0.013003,1.181558,1.002402,-0.016819,-70.833588,0.000000
1.000000,0.999884,1.013752,-0.013867,1.179247,1.002402,-0.016819,-70.833588,0.000000
1.000000,1.000499,1.013224,-0.012724,1.181553,1.002402,-0.016819,-70.833588,0.000000
1.000000,0.999883,1.013190,-0.013307,1.179243,1.002402,-0.016819,-70.833588,0.000000
1.000000,1.000498,1.012948,-0.012450,1.181549,1.002402,-0.016819,-70.833588,0.000000
1.000000,0.999882,1.013057,-0.013175,1.179238,1.002402,-0.016819,-70.833588,0.000000
1.000000,1.000497,1.012939,-0.012442,1.181545,1.002402,-0.016819,-70.833588,0.000000
1.000000,0.999881,1.013474,-0.013593,1.179234,1.002402,-0.016819,-70.833588,0.000000
1.000000,1.000496,1.013407,-0.012911,1.181540,1.002402,-0.016819,-70.833588,0.000000
1.000000,0.999880,1.013774,-0.013894,1.179229,1.002402,-0.016819,-70.833588,0.000000
1.000000,1.000495,1.014092,-0.013597,1.181536,1.002402,-0.016819,-70.833588,0.000000
1.000000,0.999879,1.013413,-0.013534,1.179225,1.002402,-0.016819,-70.833588,0.000000
1.000000,1.000494,1.013248,-0.012754,1.181531,1.002402,-0.016819,-70.833588,0.000000
1.000000,0.999877,1.013317,-0.013440,1.179221,1.002402,-0.016819,-70.833588,0.000000
1.000000,1.000492,1.013590,-0.013097,1.181527,1.002402,-0.016819,-70.833588,0.000000
1.000000,0.999876,1.013507,-0.013631,1.179216,1.002402,-0.016819,-70.833588,0.000000
1.000000,1.000491,1.013436,-0.012945,1.181522,1.002402,-0.016819,-70.833588,0.000000
1.000000,0.999875,1.013587,-0.013712,1.179211,1.002402,-0.016819,-70.833588,0.000000
1.000000,1.000490,1.013293,-0.012803,1.181518,1.002402,-0.016819,-70.833588,0.000000
1.000000,0.999874,1.013144,-0.013270,1.179207,1.002402,-0.016819,-70.833588,0.000000
1.000000,1.000489,1.013439,-0.012950,1.181513,1.002402,-0.016819,-70.833588,0.000000
1.000000,0.999873,1.013483,-0.013610,1.179203,1.002402,-0.016819,-70.833588,0.000000
1.000000,1.000488,1.013203,-0.012715,1.181509,1.002402,-0.016819,-70.833588,0.000000
1.000000,0.999871,1.013278,-0.013406,1.179198,1.002402,-0.016819,-70.833588,0.000000
1.000000,1.000486,1.013555,-0.013069,1.181504,1.002402,-0.016819,-70.833588,0.000000
1.000000,0.999870,1.014009,-0.014139,1.179194,1.002402,-0.016819,-70.833588,0.000000
1.000000,1.000485,1.013978,-0.013493,1.181500,1.002402,-0.016819,-70.833588,0.000000
1.000000,0.999869,1.014694,-0.014825,1.179189,1.002402,-0.016819,-70.833588,0.000000
1.000000,1.000484,1.014997,-0.014513,1.181495,1.002402,-0.016819,-70.833588,0.000000
1.000000,0.999868,1.015367,-0.015499,1.179185,1.002402,-0.016819,-70.833588,0.000000
1.000000,1.000483,1.014732,-0.014249,1.181491,1.002402,-0.016819,-70.833588,0.000000
1.000000,0.999867,1.014712,-0.014845,1.179180,1.002402,-0.016819,-70.833588,0.000000
1.000000,1.000482,1.015119,-0.014637,1.181486,1.002402,-0.016819,-70.833588,0.000000
1.000000,0.999865,1.014623,-0.014758,1.179176,1.002402,-0.016819,-70.833588,0.000000
1.000000,1.000480,1.014936,-0.014455,1.181482,1.002402,-0.016819,-70.833588,0.000000
1.000000,0.999864,1.014676,-0.014812,1.179171,1.002402,-0.016819,-70.833588,0.000000
1.000000,1.000479,1.014770,-0.014291,1.181478,1.002402,-0.016819,-70.833588,0.000000
1.000000,0.999863,1.015276,-0.015413,1.179167,1.002402,-0.016819,-70.833588,0.000000
1.000000,1.000478,1.014865,-0.014387,1.181473,1.002402,-0.016819,-70.833588,0.000000
1.000000,0.999862,1.014827,-0.014966,1.179162,1.002402,-0.016819,-70.833588,0.000000
1.000000,1.000477,1.016387,-0.015911,1.181469,1.002402,-0.016819,-70.833588,0.000000
1.000000,0.999861,1.016043,-0.016182,1.179158,1.002402,-0.016819,-70.833588,0.000000
1.000000,1.000476,1.015850,-0.015374,1.181464,1.002402,-0.016819,-70.833588,0.000000
1.000000,0.999859,1.016957,-0.017097,1.179153,1.002402,-0.016819,-70.833588,0.000000
1.000000,1.000474,1.017280,-0.016806,1.181460,1.002402,-0.016819,-70.833588,0.000000
1.000000,0.999858,1.016393,-0.016535,1.179149,1.002402,-0.016819,-70.833588,0.000000
1.000000,1.000473,1.016791,-0.016318,1.181455,1.002402,-0.016819,-70.833588,0.000000
1.000000,0.999857,1.017243,-0.017386,1.179145,1.002402,-0.016819,-70.833588,0.000000
1.000000,1.000472,1.016892,-0.016420,1.181451,1.002402,-0.016819,-70.833588,0.000000
1.000000,0.999856,1.016693,-0.016838,1.179140,1.002402,-0.016819,-70.833588,0.000000
1.000000,1.000471,1.016202,-0.015732,1.181446,1.002402,-0.016819,-70.833588,0.000000
1.000000,0.999855,1.016201,-0.016346,1.179135,1.002402,-0.016819,-70.833588,0.000000
1.000000,1.000470,1.015562,-0.015093,1.181442,1.002402,-0.016819,-70.833588,0.000000
1.000000,0.999853,1.015645,-0.015792,1.179131,1.002402,-0.016819,-70.833588,0.000000
1.000000,1.000468,1.016673,-0.016204,1.181437,1.002402,-0.016819,-70.833588,0.000000
1.000000,0.999852,1.016715,-0.016863,1.179127,1.002402,-0.016819,-70.833588,0.000000
1.000000,1.000467,1.016221,-0.015754,1.181433,1.002402,-0.016819,-70.833588,0.000000
1.000000,0.999851,1.016005,-0.016154,1.179122,1.002402,-0.016819,-70.833588,0.000000
1.000000,1.000466,1.016560,-0.016094,1.181428,1.002402,-0.016819,-70.833588,0.000000
1.000000,0.999850,1.016512,-0.016662,1.179118,1.002402,-0.016819,-70.833588,0.000000
1.000000,1.000465,1.016363,-0.015898,1.181424,1.002402,-0.016819,-70.833588,0.000000
1.000000,0.999849,1.016128,-0.016279,1.179113,1.002402,-0.016819,-70.833588,0.000000
1.000000,1.000464,1.015818,-0.015354,1.181419,1.002402,-0.016819,-70.833588,0.000000
1.000000,0.999848,1.016291,-0.016444,1.179109,1.002402,-0.016819,-70.833588,0.000000
1.000000,1.000463,1.015429,-0.014966,1.181415,1.002402,-0.016819,-70.833588,0.000000
1.000000,0.999846,1.015423,-0.015576,1.179104,1.002402,-0.016819,-70.833588,0.000000
1.000000,1.000461,1.015099,-0.014638,1.181410,1.002402,-0.016819,-70.833588,0.000000
1.000000,0.999845,1.015455,-0.015610,1.179100,1.002402,-0.016819,-70.833588,0.000000
1.000000,1.000460,1.015552,-0.015092,1.181406,1.002402,-0.016819,-70.833588,0.000000
1.000000,0.999844,1.015530,-0.015686,1.179095,1.002402,-0.016819,-70.833588,0.000000
1.000000,1.000459,1.015829,-0.015370,1.181402,1.002402,-0.016819,-70.833588,0.000000
1.000000,0.999843,1.015664,-0.015822,1.179091,1.002402,-0.016819,-70.833588,0.000000
1.000000,1.000458,1.015415,-0.014957,1.181397,1.002402,-0.016819,-70.833588,0.000000
1.000000,0.999842,1.014668,-0.014826,1.179086,1.002402,-0.016819,-70.833588,0.000000
1.000000,1.000457,1.014656,-0.014199,1.181393,1.002402,-0.016819,-70.833588,0.000000
1.000000,0.999840,1.014646,-0.014805,1.179082,1.002402,-0.016819,-70.833588,0.000000
1.000000,1.000455,1.015062,-0.014606,1.181388,1.002402,-0.016819,-70.833588,0.000000
1.000000,0.999839,1.014467,-0.014628,1.179078,1.002402,-0.016819,-70.833588,0.000000
1.000000,1.000454,1.014269,-0.013815,1.181384,1.002402,-0.016819,-70.833588,0.000000
1.000000,0.999838,1.014523,-0.014685,1.179073,1.002402,-0.016819,-70.833588,0.000000
1.000000,1.000453,1.014848,-0.014395,1.181379,1.002402,-0.016819,-70.833588,0.000000
1.000000,0.999837,1.014919,-0.015082,1.179068,1.002402,-0.016819,-70.833588,0.000000
1.000000,1.000452,1.015193,-0.014741,1.181375,1.002402,-0.016819,-70.833588,0.000000
1.000000,0.999836,1.015006,-0.015170,1.179064,1.002402,-0.016819,-70.833588,0.000000
1.000000,1.000451,1.014843,-0.014393,1.181370,1.002402,-0.016819,-70.833588,0.000000
1.000000,0.999834,1.015339,-0.015505,1.179060,1.002402,-0.016819,-70.833588,0.000000
1.000000,1.000449,1.014602,-0.014153,1.181366,1.002402,-0.016819,-70.833588,0.000000
1.000000,0.999833,1.014811,-0.014978,1.179055,1.002402,-0.016819,-70.833588,0.000000
1.000000,1.000448,1.015099,-0.014651,1.181361,1.002402,-0.016819,-70.833588,0.000000
1.000000,0.999832,1.015137,-0.015305,1.179051,1.002402,-0.016819,-70.833588,0.000000
1.000000,1.000447,1.015382,-0.014935,1.181357,1.002402,-0.016819,-70.833588,0.000000
1.000000,0.999831,1.015595,-0.015764,1.179046,1.002402,-0.016819,-70.833588,0.000000
1.000000,1.000446,1.015885,-0.015440,1.181352,1.002402,-0.016819,-70.833588,0.000000
1.000000,0.999830,1.016244,-0.016415,1.179042,1.002402,-0.016819,-70.833588,0.000000
1.000000,1.000445,1.016662,-0.016217,1.181348,1.002402,-0.016819,-70.833588,0.000000
1.000000,0.999828,1.016600,-0.016771,1.179037,1.002402,-0.016819,-70.833588,0.000000
1.000000,1.000443,1.016227,-0.015784,1.181343,1.002402,-0.016819,-70.833588,0.000000
1.000000,0.999827,1.016010,-0.016183,1.179033,1.002402,-0.016819,-70.833588,0.000000
1.000000,1.000442,1.015821,-0.015379,1.181339,1.002402,-0.016819,-70.833588,0.000000
1.000000,0.999826,1.015976,-0.016150,1.179028,1.002402,-0.016819,-70.833588,0.000000
1.000000,1.000441,1.017279,-0.016838,1.181335,1.002402,-0.016819,-70.833588,0.000000
1.000000,0.999825,1.018197,-0.018372,1.179024,1.002402,-0.016819,-70.833588,0.000000
1.000000,1.000440,1.018251,-0.017812,1.181330,1.002402,-0.016819,-70.833588,0.000000
1.000000,0.999824,1.019360,-0.019537,1.179019,1.002402,-0.016819,-70.833588,0.000000
1.000000,1.000439,1.018624,-0.018185,1.181326,1.002402,-0.016819,-70.833588,0.000000
1.000000,0.999822,1.018303,-0.018481,1.179015,1.002402,-0.016819,-70.833588,0.000000
1.000000,1.000437,1.018662,-0.018225,1.181321,1.002402,-0.016819,-70.833588,0.000000
1.000000,0.999821,1.018974,-0.019152,1.179010,1.002402,-0.016819,-70.833588,0.000000
1.000000,1.000436,1.018925,-0.018489,1.181316,1.002402,-0.016819,-70.833588,0.000000
1.000000,0.999820,1.018777,-0.018957,1.179006,1.002402,-0.016819,-70.833588,0.000000
1.000000,1.000435,1.018224,-0.017789,1.181312,1.002402,-0.016819,-70.833588,0.000000
1.000000,0.999819,1.018381,-0.018562,1.179001,1.002402,-0.016819,-70.833588,0.000000
1.000000,1.000434,1.018305,-0.017871,1.181308,1.002402,-0.016819,-70.833588,0.000000
1.000000,0.999818,1.017601,-0.017784,1.178997,1.002402,-0.016819,-70.833588,0.000000
1.000000,1.000433,1.017628,-0.017195,1.181303,1.002402,-0.016819,-70.833588,0.000000
1.000000,0.999817,1.017863,-0.018046,1.178992,1.002402,-0.016819,-70.833588,0.000000
1.000000,1.000432,1.016262,-0.015831,1.181299,1.002402,-0.016819,-70.833588,0.000000
1.000000,0.999815,1.017315,-0.017499,1.178988,1.002402,-0.016819,-70.833588,0.000000
1.000000,1.000430,1.017485,-0.017055,1.181294,1.002402,-0.016819,-70.833588,0.000000
1.000000,0.999814,1.018376,-0.018562,1.178984,1.002402,-0.016819,-70.833588,0.000000
1.000000,1.000429,1.018513,-0.018084,1.181290,1.002402,-0.016819,-70.833588,0.000000
1.000000,0.999813,1.018526,-0.018713,1.178979,1.002402,-0.016819,-70.833588,0.000000
1.000000,1.000428,1.018643,-0.018215,1.181285,1.002402,-0.016819,-70.833588,0.000000
1.000000,0.999812,1.020337,-0.020525,1.178975,1.002402,-0.016819,-70.833588,0.000000
1.000000,1.000427,1.019472,-0.019045,1.181281,1.002402,-0.016819,-70.833588,0.000000
1.000000,0.999811,1.018721,-0.018911,1.178970,1.002402,-0.016819,-70.833588,0.000000
1.000000,1.000426,1.018175,-0.017750,1.181276,1.002402,-0.016819,-70.833588,0.000000
1.000000,0.999809,1.019719,-0.019910,1.178966,1.002402,-0.016819,-70.833588,0.000000
1.000000,1.000424,1.019573,-0.019148,1.181272,1.002402,-0.016819,-70.833588,0.000000
1.000000,0.999808,1.019764,-0.019956,1.178961,1.002402,-0.016819,-70.833588,0.000000
1.000000,1.000423,1.019293,-0.018870,1.181267,1.002402,-0.016819,-70.833588,0.000000
1.000000,0.999807,1.019203,-0.019396,1.178957,1.002402,-0.016819,-70.833588,0.000000
1.000000,1.000422,1.019549,-0.019127,1.181263,1.002402,-0.016819,-70.833588,0.000000
1.000000,0.999806,1.019107,-0.019301,1.178952,1.002402,-0.016819,-70.833588,0.000000
1.000000,1.000421,1.018298,-0.017877,1.181259,1.002402,-0.016819,-70.833588,0.000000
1.000000,0.999805,1.017489,-0.017684,1.178948,1.002402,-0.016819,-70.833588,0.000000
1.000000,1.000420,1.017849,-0.017429,1.181254,1.002402,-0.016819,-70.833588,0.000000
1.000000,0.999803,1.017843,-0.018039,1.178943,1.002402,-0.016819,-70.833588,0.000000
1.000000,1.000418,1.018050,-0.017631,1.181249,1.002402,-0.016819,-70.833588,0.000000
1.000000,0.999802,1.018654,-0.018852,1.178939,1.002402,-0.016819,-70.833588,0.000000
1.000000,1.000417,1.018754,-0.018337,1.181245,1.002402,-0.016819,-70.833588,0.000000
1.000000,0.999801,1.019054,-0.019253,1.178934,1.002402,-0.016819,-70.833588,0.000000
1.000000,1.000416,1.018782,-0.018366,1.181241,1.002402,-0.016819,-70.833588,0.000000
1.000000,0.999800,1.018759,-0.018960,1.178930,1.002402,-0.016819,-70.833588,0.000000
1.000000,1.000415,1.018633,-0.018219,1.181236,1.002402,-0.016819,-70.833588,0.000000
1.000000,0.999799,1.018099,-0.018300,1.178925,1.002402,-0.016819,-70.833588,0.000000
1.000000,1.000414,1.018697,-0.018283,1.181232,1.002402,-0.016819,-70.833588,0.000000
1.000000,0.999797,1.019322,-0.019525,1.178921,1.002402,-0.016819,-70.833588,0.000000
1.000000,1.000412,1.018273,-0.017860,1.181227,1.002402,-0.016819,-70.833588,0.000000
1.000000,0.999796,1.018423,-0.018627,1.178917,1.002402,-0.016819,-70.833588,0.000000
1.000000,1.000411,1.018553,-0.018142,1.181223,1.002402,-0.016819,-70.833588,0.000000
1.000000,0.999795,1.018667,-0.018872,1.178912,1.002402,-0.016819,-70.833588,0.000000
1.000000,1.000410,1.018765,-0.018355,1.181218,1.002402,-0.016819,-70.833588,0.000000
1.000000,0.999794,1.018001,-0.018207,1.178908,1.002402,-0.016819,-70.833588,0.000000
1.000000,1.000409,1.017869,-0.017460,1.181214,1.002402,-0.016819,-70.833588,0.000000
1.000000,0.999793,1.018072,-0.018280,1.178903,1.002402,-0.016819,-70.833588,0.000000
1.000000,1.000408,1.018249,-0.017841,1.181209,1.002402,-0.016819,-70.833588,0.000000
1.000000,0.999792,1.018403,-0.018611,1.178899,1.002402,-0.016819,-70.833588,0.000000
1.000000,1.000407,1.017793,-0.017386,1.181205,1.002402,-0.016819,-70.833588,0.000000
1.000000,0.999790,1.017688,-0.017897,1.178894,1.002402,-0.016819,-70.833588,0.000000
1.000000,1.000405,1.017809,-0.017404,1.181200,1.002402,-0.016819,-70.833588,0.000000
1.000000,0.999789,1.017065,-0.017276,1.178890,1.002402,-0.016819,-70.833588,0.000000
1.000000,1.000404,1.017268,-0.016864,1.181196,1.002402,-0.016819,-70.833588,0.000000
1.000000,0.999788,1.017445,-0.017657,1.178885,1.002402,-0.016819,-70.833588,0.000000
1.000000,1.000403,1.017704,-0.017301,1.181192,1.002402,-0.016819,-70.833588,0.000000
1.000000,0.999787,1.017929,-0.018143,1.178881,1.002402,-0.016819,-70.833588,0.000000
1.000000,1.000402,1.018231,-0.017829,1.181187,1.002402,-0.016819,-70.833588,0.000000
1.000000,0.999786,1.018387,-0.018601,1.178876,1.002402,-0.016819,-70.833588,0.000000
1.000000,1.000401,1.017991,-0.017591,1.181183,1.002402,-0.016819,-70.833588,0.000000
1.000000,0.999784,1.018710,-0.018925,1.178872,1.002402,-0.016819,-70.833588,0.000000
1.000000,1.000399,1.018590,-0.018191,1.181178,1.002402,-0.016819,-70.833588,0.000000
1.000000,0.999783,1.018593,-0.018809,1.178867,1.002402,-0.016819,-70.833588,0.000000
1.000000,1.000398,1.018913,-0.018515,1.181173,1.002402,-0.016819,-70.833588,0.000000
1.000000,0.999782,1.018767,-0.018985,1.178863,1.002402,-0.016819,-70.833588,0.000000
1.000000,1.000397,1.018852,-0.018455,1.181169,1.002402,-0.016819,-70.833588,0.000000
1.000000,0.999781,1.018607,-0.018827,1.178858,1.002402,-0.016819,-70.833588,0.000000
1.000000,1.000396,1.018714,-0.018318,1.181165,1.002402,-0.016819,-70.833588,0.000000
1.000000,0.999780,1.018912,-0.019133,1.178854,1.002402,-0.016819,-70.833588,0.000000
1.000000,1.000395,1.019084,-0.018690,1.181160,1.002402,-0.016819,-70.833588,0.000000
1.000000,0.999778,1.018066,-0.018288,1.178849,1.002402,-0.016819,-70.833588,0.000000
1.000000,1.000393,1.020155,-0.019762,1.181156,1.002402,-0.016819,-70.833588,0.000000
1.000000,0.999777,1.019739,-0.019962,1.178845,1.002402,-0.016819,-70.833588,0.000000
1.000000,1.000392,1.019059,-0.018667,1.181151,1.002402,-0.016819,-70.833588,0.000000
1.000000,0.999776,1.019530,-0.019754,1.178841,1.002402,-0.016819,-70.833588,0.000000
1.000000,1.000391,1.019197,-0.018806,1.181147,1.002402,-0.016819,-70.833588,0.000000
1.000000,0.999775,1.020075,-0.020300,1.178836,1.002402,-0.016819,-70.833588,0.000000
1.000000,1.000390,1.019244,-0.018854,1.181142,1.002402,-0.016819,-70.833588,0.000000
1.000000,0.999774,1.019160,-0.019387,1.178831,1.002402,-0.016819,-70.833588,0.000000
1.000000,1.000389,1.019406,-0.019018,1.181138,1.002402,-0.016819,-70.833588,0.000000
1.000000,0.999772,1.019407,-0.019635,1.178827,1.002402,-0.016819,-70.833588,0.000000
1.000000,1.000387,1.019621,-0.019233,1.181133,1.002402,-0.016819,-70.833588,0.000000
1.000000,0.999771,1.019593,-0.019822,1.178823,1.002402,-0.016819,-70.833588,0.000000
1.000000,1.000386,1.019676,-0.019290,1.181129,1.002402,-0.016819,-70.833588,0.000000
1.000000,0.999770,1.019429,-0.019659,1.178818,1.002402,-0.016819,-70.833588,0.000000
1.000000,1.000385,1.019321,-0.018936,1.181124,1.002402,-0.016819,-70.833588,0.000000
1.000000,0.999769,1.020714,-0.020945,1.178814,1.002402,-0.016819,-70.833588,0.000000
1.000000,1.000384,1.021179,-0.020796,1.181120,1.002402,-0.016819,-70.833588,0.000000
1.000000,0.999768,1.020947,-0.021179,1.178809,1.002402,-0.016819,-70.833588,0.000000
1.000000,1.000383,1.021063,-0.020681,1.181116,1.002402,-0.016819,-70.833588,0.000000
1.000000,0.999766,1.020952,-0.021186,1.178805,1.002402,-0.016819,-70.833588,0.000000
1.000000,1.000381,1.020325,-0.019943,1.181111,1.002402,-0.016819,-70.833588,0.000000
1.000000,0.999765,1.020629,-0.020864,1.178800,1.002402,-0.016819,-70.833588,0.000000
1.000000,1.000380,1.020575,-0.020195,1.181106,1.002402,-0.016819,-70.833588,0.000000
1.000000,0.999764,1.020635,-0.020871,1.178796,1.002402,-0.016819,-70.833588,0.000000
1.000000,1.000379,1.020792,-0.020413,1.181102,1.002402,-0.016819,-70.833588,0.000000
1.000000,0.999763,1.020611,-0.020848,1.178791,1.002402,-0.016819,-70.833588,0.000000
1.000000,1.000378,1.020878,-0.020500,1.181098,1.002402,-0.016819,-70.833588,0.000000
1.000000,0.999762,1.021110,-0.021348,1.178787,1.002402,-0.016819,-70.833588,0.000000
1.000000,1.000377,1.020992,-0.020616,1.181093,1.002402,-0.016819,-70.833588,0.000000
1.000000,0.999761,1.020891,-0.021130,1.178782,1.002402,-0.016819,-70.833588,0.000000
1.000000,1.000376,1.020696,-0.020321,1.181089,1.002402,-0.016819,-70.833588,0.000000
1.000000,0.999759,1.020421,-0.020662,1.178778,1.002402,-0.016819,-70.833588,0.000000
1.000000,1.000374,1.019545,-0.019171,1.181084,1.002402,-0.016819,-70.833588,0.000000
1.000000,0.999758,1.019315,-0.019557,1.178774,1.002402,-0.016819,-70.833588,0.000000
1.000000,1.000373,1.018903,-0.018530,1.181080,1.002402,-0.016819,-70.833588,0.000000
1.000000,0.999757,1.018865,-0.019108,1.178769,1.002402,-0.016819,-70.833588,0.000000
1.000000,1.000372,1.019893,-0.019521,1.181075,1.002402,-0.016819,-70.833588,0.000000
1.000000,0.999756,1.020360,-0.020605,1.178764,1.002402,-0.016819,-70.833588,0.000000
1.000000,1.000371,1.020767,-0.020396,1.181071,1.002402,-0.016819,-70.833588,0.000000
1.000000,0.999755,1.020589,-0.020834,1.178760,1.002402,-0.016819,-70.833588,0.000000
1.000000,1.000370,1.020965,-0.020595,1.181066,1.002402,-0.016819,-70.833588,0.000000
1.000000,0.999753,1.021397,-0.021644,1.178756,1.002402,-0.016819,-70.833588,0.000000
1.000000,1.000368,1.021561,-0.021192,0.673549,1.016550,0.606289,-61.636169,0.000000
1.000000,0.999752,1.021490,-0.021738,0.644935,1.021897,0.644974,-62.382904,0.000000
1.000000,1.000367,1.021429,-0.021062,0.890004,1.022925,0.229420,-65.128906,0.000000
1.000000,0.999751,1.021482,-0.021731,1.080258,1.022091,-0.123974,-66.246735,0.000000
1.000000,1.000366,1.021422,-0.021056,1.124833,1.021090,-0.224670,-65.637390,0.000000
1.000000,0.999750,1.021476,-0.021726,1.069726,1.020765,-0.157890,-64.333252,0.000000
1.000000,1.000365,1.021523,-0.021158,1.009424,1.020942,-0.066486,-63.267120,0.000000
1.000000,0.999749,1.021245,-0.021496,0.985428,1.020989,-0.038155,-62.798401,0.000000
1.000000,1.000364,1.021216,-0.020852,0.986024,1.021013,-0.047623,-62.426575,0.000000
1.000000,0.999747,1.021509,-0.021762,0.976885,1.021198,-0.054634,-61.855072,0.000000
1.000000,1.000362,1.020808,-0.020446,0.991694,1.020717,-0.082569,-61.686920,0.000000
1.000000,0.999746,1.020518,-0.020772,0.992140,1.020299,-0.098904,-61.284637,0.000000
1.000000,1.000361,1.021222,-0.020861,0.959004,1.020688,-0.062428,-60.303314,0.000000
1.000000,0.999745,1.022683,-0.022938,0.897584,1.021978,0.005226,-59.009033,0.000000
1.000000,1.000360,1.022677,-0.022317,0.892651,1.022475,0.003536,-58.637360,0.000000
1.000000,0.999744,1.022035,-0.022291,0.925373,1.022079,-0.063091,-58.718018,0.000000
1.000000,1.000359,1.022220,-0.021861,0.933763,1.021936,-0.092571,-58.196045,0.000000
1.000000,0.999743,1.022275,-0.022533,0.916529,1.021895,-0.085430,-57.498627,0.000000
1.000000,1.000358,1.022111,-0.021753,0.904162,1.021797,-0.074135,-56.923767,0.000000
2.000000,1.000358,1.022392,-0.021753,3.300000,1.021797,-0.074135,-56.923767,0.000000
2.000000,1.000358,1.022318,-0.021753,0.007385,1.021797,-0.074135,-56.923767,0.000000
2.000000,1.000358,1.024590,-0.021753,0.227207,1.021797,-0.074135,-56.923767,0.000000
2.000000,1.000358,1.026775,-0.021753,0.218504,1.021797,-0.074135,-56.923767,0.000000
2.000000,1.000358,1.028354,-0.021753,0.157863,1.021797,-0.074135,-56.923767,0.000000
2.000000,1.000358,1.029831,-0.021753,0.147682,1.021797,-0.074135,-56.923767,0.000000
2.000000,1.000358,1.030688,-0.021753,0.085741,1.021797,-0.074135,-56.923767,0.000000
2.000000,1.000358,1.031963,-0.021753,0.127536,1.021797,-0.074135,-56.923767,0.000000
2.000000,1.000358,1.033177,-0.021753,0.121349,1.021797,-0.074135,-56.923767,0.000000
2.000000,1.000358,1.033806,-0.021753,0.062889,1.021797,-0.074135,-56.923767,0.000000
2.000000,1.000358,1.034564,-0.021753,0.075835,1.021797,-0.074135,-56.923767,0.000000
2.000000,1.000358,1.035435,-0.021753,0.087088,1.021797,-0.074135,-56.923767,0.000000
2.000000,1.000358,1.035554,-0.021753,0.011891,1.021797,-0.074135,-56.923767,0.000000
2.000000,1.000358,1.036294,-0.021753,0.074047,1.021797,-0.074135,-56.923767,0.000000
2.000000,1.000358,1.036831,-0.021753,0.053662,1.021797,-0.074135,-56.923767,0.000000
2.000000,1.000358,1.036872,-0.021753,0.004118,1.021797,-0.074135,-56.923767,0.000000
2.000000,1.000358,1.037226,-0.021753,0.035435,1.021797,-0.074135,-56.923767,0.000000
2.000000,1.000358,1.037109,-0.021753,0.011713,1.021797,-0.074135,-56.923767,0.000000
2.000000,1.000358,1.037432,-0.021753,0.032311,1.021797,-0.074135,-56.923767,0.000000
2.000000,1.000358,1.037712,-0.021753,0.028056,1.021797,-0.074135,-56.923767,0.000000
2.000000,1.000358,1.037956,-0.021753,0.024360,1.021797,-0.074135,-56.923767,0.000000
2.000000,1.000358,1.038061,-0.021753,0.010532,1.021797,-0.074135,-56.923767,0.000000
2.000000,1.000358,1.038259,-0.021753,0.019759,1.021797,-0.074135,-56.923767,0.000000
2.000000,1.000358,1.038537,-0.021753,0.027781,1.021797,-0.074135,-56.923767,0.000000
2.000000,1.000358,1.038671,-0.021753,0.013500,1.021797,-0.074135,-56.923767,0.000000
2.000000,1.000358,1.038789,-0.021753,0.011724,1.021797,-0.074135,-56.923767,0.000000
2.000000,1.000358,1.039103,-0.021753,0.031417,1.021797,-0.074135,-56.923767,0.000000
2.000000,1.000358,1.039482,-0.021753,0.037890,1.021797,-0.074135,-56.923767,0.000000
2.000000,1.000358,1.039280,-0.021753,0.020188,1.021797,-0.074135,-56.923767,0.000000
2.000000,1.000358,1.039529,-0.021753,0.024944,1.021797,-0.074135,-56.923767,0.000000
2.000000,1.000358,1.039533,-0.021753,0.000423,1.021797,-0.074135,-56.923767,0.000000
2.000000,1.000358,1.039431,-0.021753,0.010258,1.021797,-0.074135,-56.923767,0.000000
2.000000,1.000358,1.039448,-0.021753,0.001710,1.021797,-0.074135,-56.923767,0.000000
2.000000,1.000358,1.039463,-0.021753,0.001496,1.021797,-0.074135,-56.923767,0.000000
2.000000,1.000358,1.039475,-0.021753,0.001293,1.021797,-0.074135,-56.923767,0.000000
2.000000,1.000358,1.039487,-0.021753,0.001126,1.021797,-0.074135,-56.923767,0.000000
2.000000,1.000358,1.039815,-0.021753,0.032836,1.021797,-0.074135,-56.923767,0.000000
2.000000,1.000358,1.039781,-0.021753,0.003344,1.021797,-0.074135,-56.923767,0.000000
2.000000,1.000358,1.040708,-0.021753,0.092667,1.021797,-0.074135,-56.923767,0.000000
2.000000,1.000358,1.040451,-0.021753,0.025743,1.021797,-0.074135,-56.923767,0.000000
2.000000,1.000358,1.040121,-0.021753,0.032956,1.021797,-0.074135,-56.923767,0.000000
2.000000,1.000358,1.040047,-0.021753,0.007385,1.021797,-0.074135,-56.923767,0.000000
2.000000,1.000358,1.039983,-0.021753,0.006408,1.021797,-0.074135,-56.923767,0.000000
2.000000,1.000358,1.040140,-0.021753,0.015670,1.021797,-0.074135,-56.923767,0.000000
2.000000,1.000358,1.039957,-0.021753,0.018245,1.021797,-0.074135,-56.923767,0.000000
2.000000,1.000358,1.039799,-0.021753,0.015837,1.021797,-0.074135,-56.923767,0.000000
2.000000,1.000358,1.039342,-0.021753,0.045616,1.021797,-0.074135,-56.923767,0.000000
2.000000,1.000358,1.039371,-0.021753,0.002879,1.021797,-0.074135,-56.923767,0.000000
2.000000,1.000358,1.039078,-0.021753,0.029356,1.021797,-0.074135,-56.923767,0.000000
2.000000,1.000358,1.039141,-0.021753,0.006371,1.021797,-0.074135,-56.923767,0.000000
2.000000,1.000358,1.038772,-0.021753,0.036949,1.021797,-0.074135,-56.923767,0.000000
2.000000,1.000358,1.038876,-0.021753,0.010401,1.021797,-0.074135,-56.923767,0.000000
2.000000,1.000358,1.039391,-0.021753,0.051504,1.021797,-0.074135,-56.923767,0.000000
2.000000,1.000358,1.038988,-0.021753,0.040239,1.021797,-0.074135,-56.923767,0.000000
2.000000,1.000358,1.039064,-0.021753,0.007552,1.021797,-0.074135,-56.923767,0.000000
2.000000,1.000358,1.039129,-0.021753,0.006550,1.021797,-0.074135,-56.923767,0.000000
2.000000,1.000358,1.039292,-0.021753,0.016314,1.021797,-0.074135,-56.923767,0.000000
2.000000,1.000358,1.039328,-0.021753,0.003546,1.021797,-0.074135,-56.923767,0.000000
2.000000,1.000358,1.039252,-0.021753,0.007552,1.021797,-0.074135,-56.923767,0.000000
2.000000,1.000358,1.039611,-0.021753,0.035923,1.021797,-0.074135,-56.923767,0.000000
2.000000,1.000358,1.039286,-0.021753,0.032526,1.021797,-0.074135,-56.923767,0.000000
2.000000,1.000358,1.039853,-0.021753,0.056726,1.021797,-0.074135,-56.923767,0.000000
2.000000,1.000358,1.039814,-0.021753,0.003845,1.021797,-0.074135,-56.923767,0.000000
2.000000,1.000358,1.039781,-0.021753,0.003344,1.021797,-0.074135,-56.923767,0.000000
2.000000,1.000358,1.039752,-0.021753,0.002903,1.021797,-0.074135,-56.923767,0.000000
2.000000,1.000358,1.039620,-0.021753,0.013143,1.021797,-0.074135,-56.923767,0.000000
2.000000,1.000358,1.039719,-0.021753,0.009829,1.021797,-0.074135,-56.923767,0.000000
2.000000,1.000358,1.039592,-0.021753,0.012702,1.021797,-0.074135,-56.923767,0.000000
2.000000,1.000358,1.039906,-0.021753,0.031453,1.021797,-0.074135,-56.923767,0.000000
2.000000,1.000358,1.039436,-0.021753,0.047034,1.021797,-0.074135,-56.923767,0.000000
2.000000,1.000358,1.039346,-0.021753,0.008971,1.021797,-0.074135,-56.923767,0.000000
2.000000,1.000358,1.039480,-0.021753,0.013453,1.021797,-0.074135,-56.923767,0.000000
2.000000,1.000358,1.039809,-0.021753,0.032919,1.021797,-0.074135,-56.923767,0.000000
2.000000,1.000358,1.039777,-0.021753,0.003273,1.021797,-0.074135,-56.923767,0.000000
2.000000,1.000358,1.039748,-0.021753,0.002843,1.021797,-0.074135,-56.923767,0.000000
2.000000,1.000358,1.039511,-0.021753,0.023705,1.021797,-0.074135,-56.923767,0.000000
2.000000,1.000358,1.039518,-0.021753,0.000661,1.021797,-0.074135,-56.923767,0.000000
2.000000,1.000358,1.039417,-0.021753,0.010056,1.021797,-0.074135,-56.923767,0.000000
2.000000,1.000358,1.039542,-0.021753,0.012511,1.021797,-0.074135,-56.923767,0.000000
2.000000,1.000358,1.039651,-0.021753,0.010866,1.021797,-0.074135,-56.923767,0.000000
2.000000,1.000358,1.039851,-0.021753,0.020057,1.021797,-0.074135,-56.923767,0.000000
2.000000,1.000358,1.040025,-0.021753,0.017410,1.021797,-0.074135,-56.923767,0.000000
2.000000,1.000358,1.039964,-0.021753,0.006122,1.021797,-0.074135,-56.923767,0.000000
2.000000,1.000358,1.039805,-0.021753,0.015933,1.021797,-0.074135,-56.923767,0.000000
2.000000,1.000358,1.039772,-0.021753,0.003213,1.021797,-0.074135,-56.923767,0.000000
2.000000,1.000358,1.039532,-0.021753,0.024027,1.021797,-0.074135,-56.923767,0.000000
2.000000,1.000358,1.039217,-0.021753,0.031477,1.021797,-0.074135,-56.923767,0.000000
2.000000,1.000358,1.039900,-0.021753,0.068241,1.021797,-0.074135,-56.923767,0.000000
2.000000,1.000358,1.039961,-0.021753,0.006157,1.021797,-0.074135,-56.923767,0.000000
2.000000,1.000358,1.039696,-0.021753,0.026506,1.021797,-0.074135,-56.923767,0.000000
2.000000,1.000358,1.040209,-0.021753,0.051313,1.021797,-0.074135,-56.923767,0.000000
2.000000,1.000358,1.040124,-0.021753,0.008542,1.021797,-0.074135,-56.923767,0.000000
2.000000,1.000358,1.040049,-0.021753,0.007421,1.021797,-0.074135,-56.923767,0.000000
2.000000,1.000358,1.039879,-0.021753,0.017053,1.021797,-0.074135,-56.923767,0.000000
2.000000,1.000358,1.039837,-0.021753,0.004190,1.021797,-0.074135,-56.923767,0.000000
2.000000,1.000358,1.039800,-0.021753,0.003630,1.021797,-0.074135,-56.923767,0.000000
2.000000,1.000358,1.039663,-0.021753,0.013775,1.021797,-0.074135,-56.923767,0.000000
2.000000,1.000358,1.039543,-0.021753,0.011963,1.021797,-0.074135,-56.923767,0.000000
2.000000,1.000358,1.039333,-0.021753,0.020999,1.021797,-0.074135,-56.923767,0.000000
2.000000,1.000358,1.039469,-0.021753,0.013619,1.021797,-0.074135,-56.923767,0.000000
2.000000,1.000358,1.039587,-0.021753,0.011831,1.021797,-0.074135,-56.923767,0.000000
2.000000,1.000358,1.039584,-0.021753,0.000352,1.021797,-0.074135,-56.923767,0.000000
2.000000,1.000358,1.039581,-0.021753,0.000304,1.021797,-0.074135,-56.923767,0.000000
2.000000,1.000358,1.039578,-0.021753,0.000257,1.021797,-0.074135,-56.923767,0.000000
2.000000,1.000358,1.039788,-0.021753,0.021010,1.021797,-0.074135,-56.923767,0.000000
2.000000,1.000358,1.039864,-0.021753,0.007623,1.021797,-0.074135,-56.923767,0.000000
2.000000,1.000358,1.039612,-0.021753,0.025231,1.021797,-0.074135,-56.923767,0.000000
2.000000,1.000358,1.039180,-0.021753,0.043148,1.021797,-0.074135,-56.923767,0.000000
2.000000,1.000358,1.039337,-0.021753,0.015634,1.021797,-0.074135,-56.923767,0.000000
2.000000,1.000358,1.039472,-0.021753,0.013572,1.021797,-0.074135,-56.923767,0.000000
2.000000,1.000358,1.039484,-0.021753,0.001162,1.021797,-0.074135,-56.923767,0.000000
2.000000,1.000358,1.039388,-0.021753,0.009603,1.021797,-0.074135,-56.923767,0.000000
2.000000,1.000358,1.039304,-0.021753,0.008339,1.021797,-0.074135,-56.923767,0.000000
2.000000,1.000358,1.039763,-0.021753,0.045854,1.021797,-0.074135,-56.923767,0.000000
2.000000,1.000358,1.039630,-0.021753,0.013286,1.021797,-0.074135,-56.923767,0.000000
2.000000,1.000358,1.039727,-0.021753,0.009709,1.021797,-0.074135,-56.923767,0.000000
2.000000,1.000358,1.039280,-0.021753,0.044662,1.021797,-0.074135,-56.923767,0.000000
2.000000,1.000358,1.040167,-0.021753,0.088650,1.021797,-0.074135,-56.923767,0.000000
2.000000,1.000358,1.040087,-0.021753,0.007981,1.021797,-0.074135,-56.923767,0.000000
2.000000,1.000358,1.039699,-0.021753,0.038785,1.021797,-0.074135,-56.923767,0.000000
2.000000,1.000358,1.039468,-0.021753,0.023061,1.021797,-0.074135,-56.923767,0.000000
2.000000,1.000358,1.039374,-0.021753,0.009400,1.021797,-0.074135,-56.923767,0.000000
2.000000,1.000358,1.039399,-0.021753,0.002461,1.021797,-0.074135,-56.923767,0.000000
2.000000,1.000358,1.039420,-0.021753,0.002140,1.021797,-0.074135,-56.923767,0.000000
2.000000,1.000358,1.039332,-0.021753,0.008768,1.021797,-0.074135,-56.923767,0.000000
2.000000,1.000358,1.039469,-0.021753,0.013631,1.021797,-0.074135,-56.923767,0.000000
2.000000,1.000358,1.039162,-0.021753,0.030643,1.021797,-0.074135,-56.923767,0.000000
2.000000,1.000358,1.039214,-0.021753,0.005251,1.021797,-0.074135,-56.923767,0.000000
2.000000,1.000358,1.039260,-0.021753,0.004560,1.021797,-0.074135,-56.923767,0.000000
2.000000,1.000358,1.038875,-0.021753,0.038511,1.021797,-0.074135,-56.923767,0.000000
2.000000,1.000358,1.038859,-0.021753,0.001580,1.021797,-0.074135,-56.923767,0.000000
2.000000,1.000358,1.039058,-0.021753,0.019866,1.021797,-0.074135,-56.923767,0.000000
2.000000,1.000358,1.039230,-0.021753,0.017255,1.021797,-0.074135,-56.923767,0.000000
2.000000,1.000358,1.039167,-0.021753,0.006265,1.021797,-0.074135,-56.923767,0.000000
2.000000,1.000358,1.038794,-0.021753,0.037295,1.021797,-0.074135,-56.923767,0.000000
2.000000,1.000358,1.039001,-0.021753,0.020712,1.021797,-0.074135,-56.923767,0.000000
2.000000,1.000358,1.039075,-0.021753,0.007373,1.021797,-0.074135,-56.923767,0.000000
2.000000,1.000358,1.039245,-0.021753,0.017017,1.021797,-0.074135,-56.923767,0.000000
2.000000,1.000358,1.039074,-0.021753,0.017077,1.021797,-0.074135,-56.923767,0.000000
2.000000,1.000358,1.038820,-0.021753,0.025445,1.021797,-0.074135,-56.923767,0.000000
2.000000,1.000358,1.039024,-0.021753,0.020379,1.021797,-0.074135,-56.923767,0.000000
2.000000,1.000358,1.039094,-0.021753,0.007075,1.021797,-0.074135,-56.923767,0.000000
2.000000,1.000358,1.038412,-0.021753,0.068182,1.021797,-0.074135,-56.923767,0.000000
2.000000,1.000358,1.038458,-0.021753,0.004512,1.021797,-0.074135,-56.923767,0.000000
2.000000,1.000358,1.039028,-0.021753,0.057012,1.021797,-0.074135,-56.923767,0.000000
2.000000,1.000358,1.039204,-0.021753,0.017637,1.021797,-0.074135,-56.923767,0.000000
2.000000,1.000358,1.039676,-0.021753,0.047177,1.021797,-0.074135,-56.923767,0.000000
2.000000,1.000358,1.039767,-0.021753,0.009101,1.021797,-0.074135,-56.923767,0.000000
2.000000,1.000358,1.039739,-0.021753,0.002712,1.021797,-0.074135,-56.923767,0.000000
2.000000,1.000358,1.039397,-0.021753,0.034207,1.021797,-0.074135,-56.923767,0.000000
2.000000,1.000358,1.039419,-0.021753,0.002151,1.021797,-0.074135,-56.923767,0.000000
2.000000,1.000358,1.039437,-0.021753,0.001877,1.021797,-0.074135,-56.923767,0.000000
2.000000,1.000358,1.039454,-0.021753,0.001627,1.021797,-0.074135,-56.923767,0.000000
2.000000,1.000358,1.039574,-0.021753,0.012034,1.021797,-0.074135,-56.923767,0.000000
2.000000,1.000358,1.039572,-0.021753,0.000173,1.021797,-0.074135,-56.923767,0.000000
2.000000,1.000358,1.039571,-0.021753,0.000149,1.021797,-0.074135,-56.923767,0.000000
2.000000,1.000358,1.039463,-0.021753,0.010747,1.021797,-0.074135,-56.923767,0.000000
2.000000,1.000358,1.039582,-0.021753,0.011903,1.021797,-0.074135,-56.923767,0.000000
2.000000,1.000358,1.039579,-0.021753,0.000280,1.021797,-0.074135,-56.923767,0.000000
2.000000,1.000358,1.040214,-0.021753,0.063473,1.021797,-0.074135,-56.923767,0.000000
2.000000,1.000358,1.040234,-0.021753,0.002008,1.021797,-0.074135,-56.923767,0.000000
2.000000,1.000358,1.040039,-0.021753,0.019485,1.021797,-0.074135,-56.923767,0.000000
2.000000,1.000358,1.040082,-0.021753,0.004321,1.021797,-0.074135,-56.923767,0.000000
2.000000,1.000358,1.040013,-0.021753,0.006873,1.021797,-0.074135,-56.923767,0.000000
2.000000,1.000358,1.039741,-0.021753,0.027198,1.021797,-0.074135,-56.923767,0.000000
2.000000,1.000358,1.039717,-0.021753,0.002378,1.021797,-0.074135,-56.923767,0.000000
2.000000,1.000358,1.039697,-0.021753,0.002069,1.021797,-0.074135,-56.923767,0.000000
2.000000,1.000358,1.039891,-0.021753,0.019449,1.021797,-0.074135,-56.923767,0.000000
2.000000,1.000358,1.040060,-0.021753,0.016886,1.021797,-0.074135,-56.923767,0.000000
2.000000,1.000358,1.040525,-0.021753,0.046521,1.021797,-0.074135,-56.923767,0.000000
2.000000,1.000358,1.040398,-0.021753,0.012702,1.021797,-0.074135,-56.923767,0.000000
2.000000,1.000358,1.040394,-0.021753,0.000412,1.021797,-0.074135,-56.923767,0.000000
2.000000,1.000358,1.040496,-0.021753,0.010258,1.021797,-0.074135,-56.923767,0.000000
2.000000,1.000358,1.040585,-0.021753,0.008911,1.021797,-0.074135,-56.923767,0.000000
2.000000,1.000358,1.040344,-0.021753,0.024122,1.021797,-0.074135,-56.923767,0.000000
2.000000,1.000358,1.040241,-0.021753,0.010318,1.021797,-0.074135,-56.923767,0.000000
2.000000,1.000358,1.040151,-0.021753,0.008959,1.021797,-0.074135,-56.923767,0.000000
2.000000,1.000358,1.040179,-0.021753,0.002831,1.021797,-0.074135,-56.923767,0.000000
2.000000,1.000358,1.040416,-0.021753,0.023705,1.021797,-0.074135,-56.923767,0.000000
2.000000,1.000358,1.040197,-0.021753,0.021893,1.021797,-0.074135,-56.923767,0.000000
2.000000,1.000358,1.040007,-0.021753,0.019008,1.021797,-0.074135,-56.923767,0.000000
2.000000,1.000358,1.039948,-0.021753,0.005883,1.021797,-0.074135,-56.923767,0.000000
2.000000,1.000358,1.039685,-0.021753,0.026340,1.021797,-0.074135,-56.923767,0.000000
2.000000,1.000358,1.039562,-0.021753,0.012261,1.021797,-0.074135,-56.923767,0.000000
2.000000,1.000358,1.039562,-0.021753,0.000018,1.021797,-0.074135,-56.923767,0.000000
2.000000,1.000358,1.039774,-0.021753,0.021225,1.021797,-0.074135,-56.923767,0.000000
2.000000,1.000358,1.039428,-0.021753,0.034672,1.021797,-0.074135,-56.923767,0.000000
2.000000,1.000358,1.039445,-0.021753,0.001758,1.021797,-0.074135,-56.923767,0.000000
2.000000,1.000358,1.039567,-0.021753,0.012153,1.021797,-0.074135,-56.923767,0.000000
2.000000,1.000358,1.039353,-0.021753,0.021309,1.021797,-0.074135,-56.923767,0.000000
2.000000,1.000358,1.039593,-0.021753,0.023967,1.021797,-0.074135,-56.923767,0.000000
2.000000,1.000358,1.039589,-0.021753,0.000423,1.021797,-0.074135,-56.923767,0.000000
2.000000,1.000358,1.039479,-0.021753,0.010985,1.021797,-0.074135,-56.923767,0.000000
2.000000,1.000358,1.039277,-0.021753,0.020153,1.021797,-0.074135,-56.923767,0.000000
2.000000,1.000358,1.038996,-0.021753,0.028116,1.021797,-0.074135,-56.923767,0.000000
2.000000,1.000358,1.039283,-0.021753,0.028676,1.021797,-0.074135,-56.923767,0.000000
2.000000,1.000358,1.039107,-0.021753,0.017578,1.021797,-0.074135,-56.923767,0.000000
2.000000,1.000358,1.039167,-0.021753,0.005978,1.021797,-0.074135,-56.923767,0.000000
2.000000,1.000358,1.039431,-0.021753,0.026434,1.021797,-0.074135,-56.923767,0.000000
2.000000,1.000358,1.039554,-0.021753,0.012332,1.021797,-0.074135,-56.923767,0.000000
2.000000,1.000358,1.039555,-0.021753,0.000089,1.021797,-0.074135,-56.923767,0.000000
2.000000,1.000358,1.039449,-0.021753,0.010544,1.021797,-0.074135,-56.923767,0.000000
2.000000,1.000358,1.039570,-0.021753,0.012094,1.021797,-0.074135,-56.923767,0.000000
2.000000,1.000358,1.039569,-0.021753,0.000125,1.021797,-0.074135,-56.923767,0.000000
2.000000,1.000358,1.039568,-0.021753,0.000113,1.021797,-0.074135,-56.923767,0.000000
2.000000,1.000358,1.039461,-0.021753,0.010711,1.021797,-0.074135,-56.923767,0.000000
2.000000,1.000358,1.039899,-0.021753,0.043791,1.021797,-0.074135,-56.923767,0.000000
2.000000,1.000358,1.039748,-0.021753,0.015074,1.021797,-0.074135,-56.923767,0.000000
2.000000,1.000358,1.039829,-0.021753,0.008160,1.021797,-0.074135,-56.923767,0.000000
2.000000,1.000358,1.039157,-0.021753,0.067252,1.021797,-0.074135,-56.923767,0.000000
2.000000,1.000358,1.039210,-0.021753,0.005322,1.021797,-0.074135,-56.923767,0.000000
2.000000,1.000358,1.039362,-0.021753,0.015241,1.021797,-0.074135,-56.923767,0.000000
2.000000,1.000358,1.039070,-0.021753,0.029236,1.021797,-0.074135,-56.923767,0.000000
2.000000,1.000358,1.039134,-0.021753,0.006467,1.021797,-0.074135,-56.923767,0.000000
2.000000,1.000358,1.039191,-0.021753,0.005620,1.021797,-0.074135,-56.923767,0.000000
2.000000,1.000358,1.039346,-0.021753,0.015503,1.021797,-0.074135,-56.923767,0.000000
2.000000,1.000358,1.039480,-0.021753,0.013453,1.021797,-0.074135,-56.923767,0.000000
2.000000,1.000358,1.039597,-0.021753,0.011688,1.021797,-0.074135,-56.923767,0.000000
2.000000,1.000358,1.039486,-0.021753,0.011093,1.021797,-0.074135,-56.923767,0.000000
2.000000,1.000358,1.039708,-0.021753,0.022226,1.021797,-0.074135,-56.923767,0.000000
2.000000,1.000358,1.039582,-0.021753,0.012559,1.021797,-0.074135,-56.923767,0.000000
2.000000,1.000358,1.039792,-0.021753,0.020951,1.021797,-0.074135,-56.923767,0.000000
2.000000,1.000358,1.039443,-0.021753,0.034899,1.021797,-0.074135,-56.923767,0.000000
2.000000,1.000358,1.039352,-0.021753,0.009066,1.021797,-0.074135,-56.923767,0.000000
2.000000,1.000358,1.039167,-0.021753,0.018484,1.021797,-0.074135,-56.923767,0.000000
2.000000,1.000358,1.039431,-0.021753,0.026423,1.021797,-0.074135,-56.923767,0.000000
2.000000,1.000358,1.039448,-0.021753,0.001710,1.021797,-0.074135,-56.923767,0.000000
2.000000,1.000358,1.039569,-0.021753,0.012105,1.021797,-0.074135,-56.923767,0.000000
2.000000,1.000358,1.039674,-0.021753,0.010508,1.021797,-0.074135,-56.923767,0.000000
2.000000,1.000358,1.039659,-0.021753,0.001496,1.021797,-0.074135,-56.923767,0.000000
2.000000,1.000358,1.039540,-0.021753,0.011915,1.021797,-0.074135,-56.923767,0.000000
2.000000,1.000358,1.039861,-0.021753,0.032133,1.021797,-0.074135,-56.923767,0.000000
2.000000,1.000358,1.039928,-0.021753,0.006658,1.021797,-0.074135,-56.923767,0.000000
2.000000,1.000358,1.039455,-0.021753,0.047320,1.021797,-0.074135,-56.923767,0.000000
2.000000,1.000358,1.039044,-0.021753,0.041074,1.021797,-0.074135,-56.923767,0.000000
2.000000,1.000358,1.039006,-0.021753,0.003809,1.021797,-0.074135,-56.923767,0.000000
2.000000,1.000358,1.038760,-0.021753,0.024539,1.021797,-0.074135,-56.923767,0.000000
2.000000,1.000358,1.039078,-0.021753,0.031787,1.021797,-0.074135,-56.923767,0.000000
2.000000,1.000358,1.039142,-0.021753,0.006360,1.021797,-0.074135,-56.923767,0.000000
2.000000,1.000358,1.039197,-0.021753,0.005525,1.021797,-0.074135,-56.923767,0.000000
2.000000,1.000358,1.039245,-0.021753,0.004798,1.021797,-0.074135,-56.923767,0.000000
2.000000,1.000358,1.039392,-0.021753,0.014776,1.021797,-0.074135,-56.923767,0.000000
2.000000,1.000358,1.039415,-0.021753,0.002223,1.021797,-0.074135,-56.923767,0.000000
2.000000,1.000358,1.039752,-0.021753,0.033790,1.021797,-0.074135,-56.923767,0.000000
2.000000,1.000358,1.039833,-0.021753,0.008088,1.021797,-0.074135,-56.923767,0.000000
2.000000,1.000358,1.039797,-0.021753,0.003594,1.021797,-0.074135,-56.923767,0.000000
2.000000,1.000358,1.039341,-0.021753,0.045592,1.021797,-0.074135,-56.923767,0.000000
2.000000,1.000358,1.039583,-0.021753,0.024134,1.021797,-0.074135,-56.923767,0.000000
2.000000,1.000358,1.039580,-0.021753,0.000292,1.021797,-0.074135,-56.923767,0.000000
2.000000,1.000358,1.040108,-0.021753,0.052851,1.021797,-0.074135,-56.923767,0.000000
2.000000,1.000358,1.040036,-0.021753,0.007206,1.021797,-0.074135,-56.923767,0.000000
2.000000,1.000358,1.039973,-0.021753,0.006265,1.021797,-0.074135,-56.923767,0.000000
2.000000,1.000358,1.039813,-0.021753,0.016052,1.021797,-0.074135,-56.923767,0.000000
2.000000,1.000358,1.039779,-0.021753,0.003320,1.021797,-0.074135,-56.923767,0.000000
2.000000,1.000358,1.039538,-0.021753,0.024122,1.021797,-0.074135,-56.923767,0.000000
2.000000,1.000358,1.039435,-0.021753,0.010318,1.021797,-0.074135,-56.923767,0.000000
2.000000,1.000358,1.039558,-0.021753,0.012284,1.021797,-0.074135,-56.923767,0.000000
2.000000,1.000358,1.039664,-0.021753,0.010663,1.021797,-0.074135,-56.923767,0.000000
2.000000,1.000358,1.039863,-0.021753,0.019878,1.021797,-0.074135,-56.923767,0.000000
2.000000,1.000358,1.039823,-0.021753,0.003976,1.021797,-0.074135,-56.923767,0.000000
2.000000,1.000358,1.039789,-0.021753,0.003451,1.021797,-0.074135,-56.923767,0.000000
2.000000,1.000358,1.039759,-0.021753,0.002998,1.021797,-0.074135,-56.923767,0.000000
2.000000,1.000358,1.039732,-0.021753,0.002605,1.021797,-0.074135,-56.923767,0.000000
2.000000,1.000358,1.039816,-0.021753,0.008350,1.021797,-0.074135,-56.923767,0.000000
2.000000,1.000358,1.039782,-0.021753,0.003356,1.021797,-0.074135,-56.923767,0.000000
2.000000,1.000358,1.039647,-0.021753,0.013536,1.021797,-0.074135,-56.923767,0.000000
2.000000,1.000358,1.040273,-0.021753,0.062579,1.021797,-0.074135,-56.923767,0.000000
2.000000,1.000358,1.040073,-0.021753,0.019998,1.021797,-0.074135,-56.923767,0.000000
2.000000,1.000358,1.039686,-0.021753,0.038606,1.021797,-0.074135,-56.923767,0.000000
2.000000,1.000358,1.039670,-0.021753,0.001651,1.021797,-0.074135,-56.923767,0.000000
2.000000,1.000358,1.039655,-0.021753,0.001437,1.021797,-0.074135,-56.923767,0.000000
2.000000,1.000358,1.039643,-0.021753,0.001246,1.021797,-0.074135,-56.923767,0.000000
2.000000,1.000358,1.039632,-0.021753,0.001079,1.021797,-0.074135,-56.923767,0.000000
2.000000,1.000358,1.039729,-0.021753,0.009686,1.021797,-0.074135,-56.923767,0.000000
2.000000,1.000358,1.039600,-0.021753,0.012833,1.021797,-0.074135,-56.923767,0.000000
2.000000,1.000358,1.039595,-0.021753,0.000519,1.021797,-0.074135,-56.923767,0.000000
2.000000,1.000358,1.039697,-0.021753,0.010162,1.021797,-0.074135,-56.923767,0.000000
2.000000,1.000358,1.039997,-0.021753,0.030058,1.021797,-0.074135,-56.923767,0.000000
2.000000,1.000358,1.039940,-0.021753,0.005752,1.021797,-0.074135,-56.923767,0.000000
2.000000,1.000358,1.040315,-0.021753,0.037485,1.021797,-0.074135,-56.923767,0.000000
2.000000,1.000358,1.040215,-0.021753,0.009936,1.021797,-0.074135,-56.923767,0.000000
2.000000,1.000358,1.039917,-0.021753,0.029856,1.021797,-0.074135,-56.923767,0.000000
2.000000,1.000358,1.039870,-0.021753,0.004691,1.021797,-0.074135,-56.923767,0.000000
2.000000,1.000358,1.039935,-0.021753,0.006550,1.021797,-0.074135,-56.923767,0.000000
2.000000,1.000358,1.039886,-0.021753,0.004930,1.021797,-0.074135,-56.923767,0.000000
2.000000,1.000358,1.039630,-0.021753,0.025517,1.021797,-0.074135,-56.923767,0.000000
2.000000,1.000358,1.039409,-0.021753,0.022155,1.021797,-0.074135,-56.923767,0.000000
2.000000,1.000358,1.039323,-0.021753,0.008613,1.021797,-0.074135,-56.923767,0.000000
2.000000,1.000358,1.039566,-0.021753,0.024372,1.021797,-0.074135,-56.923767,0.000000
2.000000,1.000358,1.039566,-0.021753,0.000066,1.021797,-0.074135,-56.923767,0.000000
2.000000,1.000358,1.039883,-0.021753,0.031787,1.021797,-0.074135,-56.923767,0.000000
2.000000,1.000358,1.039735,-0.021753,0.014872,1.021797,-0.074135,-56.923767,0.000000
2.000000,1.000358,1.039605,-0.021753,0.012917,1.021797,-0.074135,-56.923767,0.000000
2.000000,1.000358,1.039918,-0.021753,0.031262,1.021797,-0.074135,-56.923767,0.000000
2.000000,1.000358,1.040083,-0.021753,0.016528,1.021797,-0.074135,-56.923767,0.000000
2.000000,1.000358,1.040545,-0.021753,0.046211,1.021797,-0.074135,-56.923767,0.000000
2.000000,1.000358,1.040628,-0.021753,0.008267,1.021797,-0.074135,-56.923767,0.000000
2.000000,1.000358,1.040700,-0.021753,0.007182,1.021797,-0.074135,-56.923767,0.000000
2.000000,1.000358,1.040550,-0.021753,0.015003,1.021797,-0.074135,-56.923767,0.000000
2.000000,1.000358,1.040525,-0.021753,0.002402,1.021797,-0.074135,-56.923767,0.000000
2.000000,1.000358,1.040186,-0.021753,0.033945,1.021797,-0.074135,-56.923767,0.000000
2.000000,1.000358,1.040635,-0.021753,0.044864,1.021797,-0.074135,-56.923767,0.000000
2.000000,1.000358,1.040599,-0.021753,0.003535,1.021797,-0.074135,-56.923767,0.000000
2.000000,1.000358,1.040462,-0.021753,0.013680,1.021797,-0.074135,-56.923767,0.000000
2.000000,1.000358,1.040131,-0.021753,0.033111,1.021797,-0.074135,-56.923767,0.000000
2.000000,1.000358,1.039737,-0.021753,0.039369,1.021797,-0.074135,-56.923767,0.000000
2.000000,1.000358,1.039820,-0.021753,0.008291,1.021797,-0.074135,-56.923767,0.000000
2.000000,1.000358,1.039786,-0.021753,0.003416,1.021797,-0.074135,-56.923767,0.000000
2.000000,1.000358,1.039756,-0.021753,0.002963,1.021797,-0.074135,-56.923767,0.000000
2.000000,1.000358,1.040049,-0.021753,0.029284,1.021797,-0.074135,-56.923767,0.000000
2.000000,1.000358,1.039985,-0.021753,0.006432,1.021797,-0.074135,-56.923767,0.000000
2.000000,1.000358,1.040035,-0.021753,0.005036,1.021797,-0.074135,-56.923767,0.000000
2.000000,1.000358,1.039972,-0.021753,0.006253,1.021797,-0.074135,-56.923767,0.000000
2.000000,1.000358,1.039918,-0.021753,0.005418,1.021797,-0.074135,-56.923767,0.000000
2.000000,1.000358,1.039977,-0.021753,0.005919,1.021797,-0.074135,-56.923767,0.000000
2.000000,1.000358,1.039584,-0.021753,0.012583,1.021797,-0.074135,-56.923767,0.000000
2.000000,1.000358,1.039687,-0.021753,0.010305,1.021797,-0.074135,-56.923767,0.000000
2.000000,1.000358,1.039564,-0.021753,0.012285,1.021797,-0.074135,-56.923767,0.000000
2.000000,1.000358,1.039670,-0.021753,0.010580,1.021797,-0.074135,-56.923767,0.000000
2.000000,1.000358,1.039656,-0.021753,0.001437,1.021797,-0.074135,-56.923767,0.000000
2.000000,1.000358,1.039643,-0.021753,0.001246,1.021797,-0.074135,-56.923767,0.000000
2.000000,1.000358,1.039632,-0.021753,0.001079,1.021797,-0.074135,-56.923767,0.000000
2.000000,1.000358,1.039835,-0.021753,0.020295,1.021797,-0.074135,-56.923767,0.000000
2.000000,1.000358,1.039799,-0.021753,0.003618,1.021797,-0.074135,-56.923767,0.000000
2.000000,1.000358,1.039767,-0.021753,0.003141,1.021797,-0.074135,-56.923767,0.000000
2.000000,1.000358,1.040059,-0.021753,0.029129,1.021797,-0.074135,-56.923767,0.000000
2.000000,1.000358,1.039993,-0.021753,0.006563,1.021797,-0.074135,-56.923767,0.000000
2.000000,1.000358,1.040042,-0.021753,0.004929,1.021797,-0.074135,-56.923767,0.000000
2.000000,1.000358,1.039979,-0.021753,0.006348,1.021797,-0.074135,-56.923767,0.000000
2.000000,1.000358,1.040348,-0.021753,0.036973,1.021797,-0.074135,-56.923767,0.000000
2.000000,1.000358,1.040138,-0.021753,0.020999,1.021797,-0.074135,-56.923767,0.000000
2.000000,1.000358,1.039956,-0.021753,0.018233,1.021797,-0.074135,-56.923767,0.000000
2.000000,1.000358,1.039904,-0.021753,0.005204,1.021797,-0.074135,-56.923767,0.000000
2.000000,1.000358,1.039965,-0.021753,0.006097,1.021797,-0.074135,-56.923767,0.000000
2.000000,1.000358,1.039805,-0.021753,0.015944,1.021797,-0.074135,-56.923767,0.000000
2.000000,1.000358,1.039985,-0.021753,0.018018,1.021797,-0.074135,-56.923767,0.000000
2.000000,1.000358,1.040035,-0.021753,0.005024,1.021797,-0.074135,-56.923767,0.000000
2.000000,1.000358,1.040079,-0.021753,0.004369,1.021797,-0.074135,-56.923767,0.000000
2.000000,1.000358,1.040117,-0.021753,0.003797,1.021797,-0.074135,-56.923767,0.000000
2.000000,1.000358,1.040150,-0.021753,0.003296,1.021797,-0.074135,-56.923767,0.000000
2.000000,1.000358,1.039966,-0.021753,0.018388,1.021797,-0.074135,-56.923767,0.000000
2.000000,1.000358,1.039913,-0.021753,0.005335,1.021797,-0.074135,-56.923767,0.000000
2.000000,1.000358,1.039972,-0.021753,0.005978,1.021797,-0.074135,-56.923767,0.000000
2.000000,1.000358,1.039918,-0.021753,0.005418,1.021797,-0.074135,-56.923767,0.000000
2.000000,1.000358,1.039871,-0.021753,0.004703,1.021797,-0.074135,-56.923767,0.000000
2.000000,1.000358,1.039936,-0.021753,0.006538,1.021797,-0.074135,-56.923767,0.000000
2.000000,1.000358,1.040418,-0.021753,0.048142,1.021797,-0.074135,-56.923767,0.000000
2.000000,1.000358,1.040305,-0.021753,0.011295,1.021797,-0.074135,-56.923767,0.000000
2.000000,1.000358,1.039888,-0.021753,0.041658,1.021797,-0.074135,-56.923767,0.000000
2.000000,1.000358,1.039845,-0.021753,0.004310,1.021797,-0.074135,-56.923767,0.000000
2.000000,1.000358,1.039914,-0.021753,0.006884,1.021797,-0.074135,-56.923767,0.000000
2.000000,1.000358,1.039867,-0.021753,0.004643,1.021797,-0.074135,-56.923767,0.000000
2.000000,1.000358,1.039933,-0.021753,0.006586,1.021797,-0.074135,-56.923767,0.000000
2.000000,1.000358,1.039672,-0.021753,0.026137,1.021797,-0.074135,-56.923767,0.000000
2.000000,1.000358,1.039657,-0.021753,0.001461,1.021797,-0.074135,-56.923767,0.000000
2.000000,1.000358,1.039644,-0.021753,0.001270,1.021797,-0.074135,-56.923767,0.000000
2.000000,1.000358,1.039739,-0.021753,0.009519,1.021797,-0.074135,-56.923767,0.000000
2.000000,1.000358,1.039609,-0.021753,0.012976,1.021797,-0.074135,-56.923767,0.000000
2.000000,1.000358,1.039497,-0.021753,0.011260,1.021797,-0.074135,-56.923767,0.000000
2.000000,1.000358,1.039399,-0.021753,0.009781,1.021797,-0.074135,-56.923767,0.000000
2.000000,1.000358,1.039526,-0.021753,0.012761,1.021797,-0.074135,-56.923767,0.000000
2.000000,1.000358,1.040062,-0.021753,0.053555,1.021797,-0.074135,-56.923767,0.000000
2.000000,1.000358,1.040102,-0.021753,0.004011,1.021797,-0.074135,-56.923767,0.000000
2.000000,1.000358,1.040243,-0.021753,0.014108,1.021797,-0.074135,-56.923767,0.000000
2.000000,1.000358,1.040047,-0.021753,0.019616,1.021797,-0.074135,-56.923767,0.000000
2.000000,1.000358,1.039983,-0.021753,0.006408,1.021797,-0.074135,-56.923767,0.000000
2.000000,1.000358,1.040033,-0.021753,0.005060,1.021797,-0.074135,-56.923767,0.000000
2.000000,1.000358,1.040077,-0.021753,0.004393,1.021797,-0.074135,-56.923767,0.000000
2.000000,1.000358,1.040221,-0.021753,0.014430,1.021797,-0.074135,-56.923767,0.000000
2.000000,1.000358,1.040347,-0.021753,0.012535,1.021797,-0.074135,-56.923767,0.000000
2.000000,1.000358,1.040243,-0.021753,0.010354,1.021797,-0.074135,-56.923767,0.000000
2.000000,1.000358,1.040472,-0.021753,0.022858,1.021797,-0.074135,-56.923767,0.000000
2.000000,1.000358,1.040139,-0.021753,0.033242,1.021797,-0.074135,-56.923767,0.000000
2.000000,1.000358,1.040275,-0.021753,0.013619,1.021797,-0.074135,-56.923767,0.000000
2.000000,1.000358,1.040181,-0.021753,0.009412,1.021797,-0.074135,-56.923767,0.000000
2.000000,1.000358,1.040205,-0.021753,0.002450,1.021797,-0.074135,-56.923767,0.000000
2.000000,1.000358,1.040014,-0.021753,0.019115,1.021797,-0.074135,-56.923767,0.000000
2.000000,1.000358,1.040061,-0.021753,0.004643,1.021797,-0.074135,-56.923767,0.000000
2.000000,1.000358,1.039889,-0.021753,0.017208,1.021797,-0.074135,-56.923767,0.000000
2.000000,1.000358,1.039845,-0.021753,0.004322,1.021797,-0.074135,-56.923767,0.000000
2.000000,1.000358,1.039914,-0.021753,0.006872,1.021797,-0.074135,-56.923767,0.000000
2.000000,1.000358,1.040080,-0.021753,0.016588,1.021797,-0.074135,-56.923767,0.000000
2.000000,1.000358,1.040118,-0.021753,0.003785,1.021797,-0.074135,-56.923767,0.000000
2.000000,1.000358,1.039832,-0.021753,0.028569,1.021797,-0.074135,-56.923767,0.000000
2.000000,1.000358,1.039902,-0.021753,0.007051,1.021797,-0.074135,-56.923767,0.000000
2.000000,1.000358,1.040176,-0.021753,0.027352,1.021797,-0.074135,-56.923767,0.000000
2.000000,1.000358,1.040095,-0.021753,0.008101,1.021797,-0.074135,-56.923767,0.000000
2.000000,1.000358,1.039918,-0.021753,0.017661,1.021797,-0.074135,-56.923767,0.000000
2.000000,1.000358,1.039446,-0.021753,0.047177,1.021797,-0.074135,-56.923767,0.000000
2.000000,1.000358,1.039461,-0.021753,0.001508,1.021797,-0.074135,-56.923767,0.000000
2.000000,1.000358,1.039156,-0.021753,0.030548,1.021797,-0.074135,-56.923767,0.000000
2.000000,1.000358,1.038997,-0.021753,0.015897,1.021797,-0.074135,-56.923767,0.000000
2.000000,1.000358,1.039071,-0.021753,0.007432,1.021797,-0.074135,-56.923767,0.000000
2.000000,1.000358,1.038923,-0.021753,0.014776,1.021797,-0.074135,-56.923767,0.000000
2.000000,1.000358,1.039219,-0.021753,0.029641,1.021797,-0.074135,-56.923767,0.000000
2.000000,1.000358,1.039052,-0.021753,0.016743,1.021797,-0.074135,-56.923767,0.000000
2.000000,1.000358,1.038800,-0.021753,0.025147,1.021797,-0.074135,-56.923767,0.000000
2.000000,1.000358,1.039007,-0.021753,0.020641,1.021797,-0.074135,-56.923767,0.000000
2.000000,1.000358,1.038973,-0.021753,0.003320,1.021797,-0.074135,-56.923767,0.000000
2.000000,1.000358,1.039369,-0.021753,0.039595,1.021797,-0.074135,-56.923767,0.000000
2.000000,1.000358,1.039607,-0.021753,0.023764,1.021797,-0.074135,-56.923767,0.000000
2.000000,1.000358,1.039495,-0.021753,0.011224,1.021797,-0.074135,-56.923767,0.000000
2.000000,1.000358,1.039716,-0.021753,0.022107,1.021797,-0.074135,-56.923767,0.000000
2.000000,1.000358,1.039377,-0.021753,0.033897,1.021797,-0.074135,-56.923767,0.000000
2.000000,1.000358,1.039295,-0.021753,0.008196,1.021797,-0.074135,-56.923767,0.000000
2.000000,1.000358,1.039330,-0.021753,0.003510,1.021797,-0.074135,-56.923767,0.000000
2.000000,1.000358,1.039679,-0.021753,0.034898,1.021797,-0.074135,-56.923767,0.000000
2.000000,1.000358,1.039557,-0.021753,0.012177,1.021797,-0.074135,-56.923767,0.000000
2.000000,1.000358,1.039557,-0.021753,0.000053,1.021797,-0.074135,-56.923767,0.000000
2.000000,1.000358,1.039664,-0.021753,0.010663,1.021797,-0.074135,-56.923767,0.000000
2.000000,1.000358,1.039650,-0.021753,0.001353,1.021797,-0.074135,-56.923767,0.000000
2.000000,1.000358,1.039851,-0.021753,0.020057,1.021797,-0.074135,-56.923767,0.000000
2.000000,1.000358,1.040343,-0.021753,0.049275,1.021797,-0.074135,-56.923767,0.000000
2.000000,1.000358,1.040346,-0.021753,0.000304,1.021797,-0.074135,-56.923767,0.000000
2.000000,1.000358,1.040455,-0.021753,0.010890,1.021797,-0.074135,-56.923767,0.000000
2.000000,1.000358,1.040656,-0.021753,0.020069,1.021797,-0.074135,-56.923767,0.000000
2.000000,1.000358,1.040511,-0.021753,0.014431,1.021797,-0.074135,-56.923767,0.000000
2.000000,1.000358,1.040174,-0.021753,0.033766,1.021797,-0.074135,-56.923767,0.000000
2.000000,1.000358,1.040305,-0.021753,0.013155,1.021797,-0.074135,-56.923767,0.000000
2.000000,1.000358,1.040419,-0.021753,0.011426,1.021797,-0.074135,-56.923767,0.000000
2.000000,1.000358,1.039881,-0.021753,0.053793,1.021797,-0.074135,-56.923767,0.000000
2.000000,1.000358,1.040052,-0.021753,0.017017,1.021797,-0.074135,-56.923767,0.000000
2.000000,1.000358,1.040093,-0.021753,0.004154,1.021797,-0.074135,-56.923767,0.000000
2.000000,1.000358,1.040235,-0.021753,0.014227,1.021797,-0.074135,-56.923767,0.000000
2.000000,1.000358,1.040146,-0.021753,0.008887,1.021797,-0.074135,-56.923767,0.000000
2.000000,1.000358,1.040706,-0.021753,0.055998,1.021797,-0.074135,-56.923767,0.000000
2.000000,1.000358,1.040768,-0.021753,0.006145,1.021797,-0.074135,-56.923767,0.000000
2.000000,1.000358,1.040715,-0.021753,0.005287,1.021797,-0.074135,-56.923767,0.000000
2.000000,1.000358,1.041200,-0.021753,0.048500,1.021797,-0.074135,-56.923767,0.000000
2.000000,1.000358,1.040984,-0.021753,0.021595,1.021797,-0.074135,-56.923767,0.000000
2.000000,1.000358,1.040902,-0.021753,0.008124,1.021797,-0.074135,-56.923767,0.000000
2.000000,1.000358,1.040513,-0.021753,0.038916,1.021797,-0.074135,-56.923767,0.000000
2.000000,1.000358,1.040388,-0.021753,0.012547,1.021797,-0.074135,-56.923767,0.000000
2.000000,1.000358,1.040172,-0.021753,0.021512,1.021797,-0.074135,-56.923767,0.000000
2.000000,1.000358,1.040092,-0.021753,0.008065,1.021797,-0.074135,-56.923767,0.000000
2.000000,1.000358,1.040234,-0.021753,0.014239,1.021797,-0.074135,-56.923767,0.000000
2.000000,1.000358,1.040358,-0.021753,0.012368,1.021797,-0.074135,-56.923767,0.000000
2.000000,1.000358,1.040465,-0.021753,0.010735,1.021797,-0.074135,-56.923767,0.000000
2.000000,1.000358,1.040133,-0.021753,0.033146,1.021797,-0.074135,-56.923767,0.000000
2.000000,1.000358,1.039739,-0.021753,0.039405,1.021797,-0.074135,-56.923767,0.000000
2.000000,1.000358,1.039610,-0.021753,0.012976,1.021797,-0.074135,-56.923767,0.000000
2.000000,1.000358,1.039284,-0.021753,0.032503,1.021797,-0.074135,-56.923767,0.000000
2.000000,1.000358,1.039109,-0.021753,0.017590,1.021797,-0.074135,-56.923767,0.000000
2.000000,1.000358,1.039487,-0.021753,0.037819,1.021797,-0.074135,-56.923767,0.000000
2.000000,1.000358,1.039496,-0.021753,0.000983,1.021797,-0.074135,-56.923767,0.000000
2.000000,1.000358,1.039611,-0.021753,0.011474,1.021797,-0.074135,-56.923767,0.000000
2.000000,1.000358,1.039604,-0.021753,0.000662,1.021797,-0.074135,-56.923767,0.000000
2.000000,1.000358,1.040023,-0.021753,0.041896,1.021797,-0.074135,-56.923767,0.000000
2.000000,1.000358,1.039962,-0.021753,0.006098,1.021797,-0.074135,-56.923767,0.000000
2.000000,1.000358,1.040015,-0.021753,0.005322,1.021797,-0.074135,-56.923767,0.000000
2.000000,1.000358,1.039849,-0.021753,0.016612,1.021797,-0.074135,-56.923767,0.000000
2.000000,1.000358,1.039917,-0.021753,0.006824,1.021797,-0.074135,-56.923767,0.000000
2.000000,1.000358,1.039658,-0.021753,0.025934,1.021797,-0.074135,-56.923767,0.000000
2.000000,1.000358,1.039645,-0.021753,0.001282,1.021797,-0.074135,-56.923767,0.000000
2.000000,1.000358,1.039422,-0.021753,0.022346,1.021797,-0.074135,-56.923767,0.000000
2.000000,1.000358,1.039440,-0.021753,0.001830,1.021797,-0.074135,-56.923767,0.000000
2.000000,1.000358,1.039350,-0.021753,0.009030,1.021797,-0.074135,-56.923767,0.000000
2.000000,1.000358,1.039484,-0.021753,0.013405,1.021797,-0.074135,-56.923767,0.000000
2.000000,1.000358,1.039494,-0.021753,0.001019,1.021797,-0.074135,-56.923767,0.000000
2.000000,1.000358,1.039184,-0.021753,0.030977,1.021797,-0.074135,-56.923767,0.000000
2.000000,1.000358,1.039871,-0.021753,0.068682,1.021797,-0.074135,-56.923767,0.000000
2.000000,1.000358,1.039936,-0.021753,0.006538,1.021797,-0.074135,-56.923767,0.000000
2.000000,1.000358,1.039993,-0.021753,0.005668,1.021797,-0.074135,-56.923767,0.000000
2.000000,1.000358,1.040042,-0.021753,0.004929,1.021797,-0.074135,-56.923767,0.000000
2.000000,1.000358,1.040191,-0.021753,0.014895,1.021797,-0.074135,-56.923767,0.000000
2.000000,1.000358,1.040214,-0.021753,0.002318,1.021797,-0.074135,-56.923767,0.000000
2.000000,1.000358,1.040022,-0.021753,0.019223,1.021797,-0.074135,-56.923767,0.000000
2.000000,1.000358,1.039961,-0.021753,0.006074,1.021797,-0.074135,-56.923767,0.000000
2.000000,1.000358,1.040120,-0.021753,0.015968,1.021797,-0.074135,-56.923767,0.000000
2.000000,1.000358,1.040047,-0.021753,0.007373,1.021797,-0.074135,-56.923767,0.000000
2.000000,1.000358,1.039983,-0.021753,0.006396,1.021797,-0.074135,-56.923767,0.000000
2.000000,1.000358,1.040033,-0.021753,0.005060,1.021797,-0.074135,-56.923767,0.000000
2.000000,1.000358,1.039865,-0.021753,0.016850,1.021797,-0.074135,-56.923767,0.000000
2.000000,1.000358,1.040143,-0.021753,0.027853,1.021797,-0.074135,-56.923767,0.000000
2.000000,1.000358,1.040172,-0.021753,0.002938,1.021797,-0.074135,-56.923767,0.000000
2.000000,1.000358,1.040198,-0.021753,0.002557,1.021797,-0.074135,-56.923767,0.000000
2.000000,1.000358,1.040114,-0.021753,0.008399,1.021797,-0.074135,-56.923767,0.000000
2.000000,1.000358,1.040359,-0.021753,0.024575,1.021797,-0.074135,-56.923767,0.000000
2.000000,1.000358,1.040360,-0.021753,0.000101,1.021797,-0.074135,-56.923767,0.000000
2.000000,1.000358,1.040361,-0.021753,0.000077,1.021797,-0.074135,-56.923767,0.000000
2.000000,1.000358,1.040362,-0.021753,0.000077,1.021797,-0.074135,-56.923767,0.000000
2.000000,1.000358,1.040469,-0.021753,0.010687,1.021797,-0.074135,-56.923767,0.000000
2.000000,1.000358,1.040668,-0.021753,0.019890,1.021797,-0.074135,-56.923767,0.000000
2.000000,1.000358,1.040628,-0.021753,0.003964,1.021797,-0.074135,-56.923767,0.000000
2.000000,1.000358,1.040700,-0.021753,0.007182,1.021797,-0.074135,-56.923767,0.000000
2.000000,1.000358,1.040443,-0.021753,0.025624,1.021797,-0.074135,-56.923767,0.000000
2.000000,1.000358,1.040327,-0.021753,0.011629,1.021797,-0.074135,-56.923767,0.000000
2.000000,1.000358,1.040226,-0.021753,0.010091,1.021797,-0.074135,-56.923767,0.000000
2.000000,1.000358,1.040138,-0.021753,0.008768,1.021797,-0.074135,-56.923767,0.000000
2.000000,1.000358,1.040168,-0.021753,0.003010,1.021797,-0.074135,-56.923767,0.000000
2.000000,1.000358,1.040619,-0.021753,0.045091,1.021797,-0.074135,-56.923767,0.000000
2.000000,1.000358,1.040480,-0.021753,0.013942,1.021797,-0.074135,-56.923767,0.000000
2.000000,1.000358,1.040040,-0.021753,0.043971,1.021797,-0.074135,-56.923767,0.000000
2.000000,1.000358,1.039977,-0.021753,0.006312,1.021797,-0.074135,-56.923767,0.000000
2.000000,1.000358,1.039922,-0.021753,0.005478,1.021797,-0.074135,-56.923767,0.000000
2.000000,1.000358,1.040193,-0.021753,0.027102,1.021797,-0.074135,-56.923767,0.000000
2.000000,1.000358,1.040322,-0.021753,0.012904,1.021797,-0.074135,-56.923767,0.000000
2.000000,1.000358,1.040434,-0.021753,0.011211,1.021797,-0.074135,-56.923767,0.000000
2.000000,1.000358,1.040213,-0.021753,0.022131,1.021797,-0.074135,-56.923767,0.000000
2.000000,1.000358,1.040233,-0.021753,0.002032,1.021797,-0.074135,-56.923767,0.000000
2.000000,1.000358,1.040250,-0.021753,0.001758,1.021797,-0.074135,-56.923767,0.000000
2.000000,1.000358,1.040372,-0.021753,0.012153,1.021797,-0.074135,-56.923767,0.000000
2.000000,1.000358,1.040583,-0.021753,0.021165,1.021797,-0.074135,-56.923767,0.000000
2.000000,1.000358,1.040449,-0.021753,0.013477,1.021797,-0.074135,-56.923767,0.000000
2.000000,1.000358,1.040331,-0.021753,0.011701,1.021797,-0.074135,-56.923767,0.000000
2.000000,1.000358,1.040124,-0.021753,0.020772,1.021797,-0.074135,-56.923767,0.000000
2.000000,1.000358,1.040156,-0.021753,0.003201,1.021797,-0.074135,-56.923767,0.000000
2.000000,1.000358,1.040183,-0.021753,0.002783,1.021797,-0.074135,-56.923767,0.000000
2.000000,1.000358,1.041057,-0.021753,0.087374,1.021797,-0.074135,-56.923767,0.000000
2.000000,1.000358,1.040648,-0.021753,0.040955,1.021797,-0.074135,-56.923767,0.000000
2.000000,1.000358,1.040610,-0.021753,0.003702,1.021797,-0.074135,-56.923767,0.000000
2.000000,1.000358,1.040684,-0.021753,0.007409,1.021797,-0.074135,-56.923767,0.000000
2.000000,1.000358,1.041067,-0.021753,0.038284,1.021797,-0.074135,-56.923767,0.000000
2.000000,1.000358,1.040656,-0.021753,0.041086,1.021797,-0.074135,-56.923767,0.000000
2.000000,1.000358,1.040406,-0.021753,0.025052,1.021797,-0.074135,-56.923767,0.000000
2.000000,1.000358,1.040401,-0.021753,0.000519,1.021797,-0.074135,-56.923767,0.000000
2.000000,1.000358,1.040502,-0.021753,0.010174,1.021797,-0.074135,-56.923767,0.000000
2.000000,1.000358,1.040484,-0.021753,0.001794,1.021797,-0.074135,-56.923767,0.000000
2.000000,1.000358,1.040150,-0.021753,0.033409,1.021797,-0.074135,-56.923767,0.000000
2.000000,1.000358,1.040179,-0.021753,0.002855,1.021797,-0.074135,-56.923767,0.000000
2.000000,1.000358,1.039778,-0.021753,0.040001,1.021797,-0.074135,-56.923767,0.000000
2.000000,1.000358,1.039856,-0.021753,0.007754,1.021797,-0.074135,-56.923767,0.000000
2.000000,1.000358,1.039711,-0.021753,0.014514,1.021797,-0.074135,-56.923767,0.000000
2.000000,1.000358,1.040328,-0.021753,0.061732,1.021797,-0.074135,-56.923767,0.000000
2.000000,1.000358,1.040439,-0.021753,0.011128,1.021797,-0.074135,-56.923767,0.000000
2.000000,1.000358,1.040430,-0.021753,0.000960,1.021797,-0.074135,-56.923767,0.000000
2.000000,1.000358,1.040421,-0.021753,0.000829,1.021797,-0.074135,-56.923767,0.000000
2.000000,1.000358,1.040308,-0.021753,0.011343,1.021797,-0.074135,-56.923767,0.000000
2.000000,1.000358,1.040103,-0.021753,0.020463,1.021797,-0.074135,-56.923767,0.000000
2.000000,1.000358,1.040456,-0.021753,0.035327,1.021797,-0.074135,-56.923767,0.000000
2.000000,1.000358,1.040444,-0.021753,0.001186,1.021797,-0.074135,-56.923767,0.000000
2.000000,1.000358,1.040222,-0.021753,0.022263,1.021797,-0.074135,-56.923767,0.000000
2.000000,1.000358,1.040347,-0.021753,0.012535,1.021797,-0.074135,-56.923767,0.000000
2.000000,1.000358,1.040243,-0.021753,0.010354,1.021797,-0.074135,-56.923767,0.000000
2.000000,1.000358,1.040366,-0.021753,0.012249,1.021797,-0.074135,-56.923767,0.000000
2.000000,1.000358,1.040366,-0.021753,0.000018,1.021797,-0.074135,-56.923767,0.000000
2.000000,1.000358,1.040366,-0.021753,0.000006,1.021797,-0.074135,-56.923767,0.000000
2.000000,1.000358,1.039941,-0.021753,0.042469,1.021797,-0.074135,-56.923767,0.000000
2.000000,1.000358,1.040103,-0.021753,0.016230,1.021797,-0.074135,-56.923767,0.000000
2.000000,1.000358,1.040138,-0.021753,0.003463,1.021797,-0.074135,-56.923767,0.000000
2.000000,1.000358,1.040168,-0.021753,0.003010,1.021797,-0.074135,-56.923767,0.000000
2.000000,1.000358,1.040619,-0.021753,0.045091,1.021797,-0.074135,-56.923767,0.000000
2.000000,1.000358,1.040692,-0.021753,0.007289,1.021797,-0.074135,-56.923767,0.000000
2.000000,1.000358,1.040543,-0.021753,0.014907,1.021797,-0.074135,-56.923767,0.000000
2.000000,1.000358,1.040626,-0.021753,0.008303,1.021797,-0.074135,-56.923767,0.000000
2.000000,1.000358,1.040591,-0.021753,0.003404,1.021797,-0.074135,-56.923767,0.000000
2.000000,1.000358,1.040243,-0.021753,0.034815,1.021797,-0.074135,-56.923767,0.000000
2.000000,1.000358,1.040259,-0.021753,0.001627,1.021797,-0.074135,-56.923767,0.000000
2.000000,1.000358,1.040274,-0.021753,0.001412,1.021797,-0.074135,-56.923767,0.000000
2.000000,1.000358,1.040498,-0.021753,0.022465,1.021797,-0.074135,-56.923767,0.000000
2.000000,1.000358,1.039737,-0.021753,0.076074,1.021797,-0.074135,-56.923767,0.000000
2.000000,1.000358,1.039820,-0.021753,0.008291,1.021797,-0.074135,-56.923767,0.000000
2.000000,1.000358,1.039998,-0.021753,0.017816,1.021797,-0.074135,-56.923767,0.000000
2.000000,1.000358,1.040578,-0.021753,0.057941,1.021797,-0.074135,-56.923767,0.000000
2.000000,1.000358,1.040550,-0.021753,0.002784,1.021797,-0.074135,-56.923767,0.000000
2.000000,1.000358,1.040738,-0.021753,0.018817,1.021797,-0.074135,-56.923767,0.000000
2.000000,1.000358,1.040689,-0.021753,0.004894,1.021797,-0.074135,-56.923767,0.000000
2.000000,1.000358,1.040434,-0.021753,0.025481,1.021797,-0.074135,-56.923767,0.000000
2.000000,1.000358,1.040637,-0.021753,0.020355,1.021797,-0.074135,-56.923767,0.000000
2.000000,1.000358,1.041239,-0.021753,0.060147,1.021797,-0.074135,-56.923767,0.000000
2.000000,1.000358,1.041230,-0.021753,0.000876,1.021797,-0.074135,-56.923767,0.000000
2.000000,1.000358,1.041116,-0.021753,0.011379,1.021797,-0.074135,-56.923767,0.000000
2.000000,1.000358,1.041655,-0.021753,0.053841,1.021797,-0.074135,-56.923767,0.000000
2.000000,1.000358,1.041485,-0.021753,0.016970,1.021797,-0.074135,-56.923767,0.000000
2.000000,1.000358,1.041975,-0.021753,0.048977,1.021797,-0.074135,-56.923767,0.000000
2.000000,1.000358,1.041763,-0.021753,0.021190,1.021797,-0.074135,-56.923767,0.000000
2.000000,1.000358,1.041472,-0.021753,0.029010,1.021797,-0.074135,-56.923767,0.000000
2.000000,1.000358,1.041327,-0.021753,0.014574,1.021797,-0.074135,-56.923767,0.000000
2.000000,1.000358,1.041412,-0.021753,0.008589,1.021797,-0.074135,-56.923767,0.000000
2.000000,1.000358,1.041381,-0.021753,0.003165,1.021797,-0.074135,-56.923767,0.000000
2.000000,1.000358,1.041141,-0.021753,0.023979,1.021797,-0.074135,-56.923767,0.000000
2.000000,1.000358,1.041039,-0.021753,0.010211,1.021797,-0.074135,-56.923767,0.000000
2.000000,1.000358,1.041056,-0.021753,0.001758,1.021797,-0.074135,-56.923767,0.000000
2.000000,1.000358,1.040647,-0.021753,0.040943,1.021797,-0.074135,-56.923767,0.000000
2.000000,1.000358,1.040291,-0.021753,0.035542,1.021797,-0.074135,-56.923767,0.000000
2.000000,1.000358,1.040301,-0.021753,0.000995,1.021797,-0.074135,-56.923767,0.000000
2.000000,1.000358,1.040841,-0.021753,0.053960,1.021797,-0.074135,-56.923767,0.000000
2.000000,1.000358,1.040884,-0.021753,0.004369,1.021797,-0.074135,-56.923767,0.000000
2.000000,1.000358,1.040498,-0.021753,0.038678,1.021797,-0.074135,-56.923767,0.000000
2.000000,1.000358,1.040268,-0.021753,0.022966,1.021797,-0.074135,-56.923767,0.000000
2.000000,1.000358,1.040068,-0.021753,0.019938,1.021797,-0.074135,-56.923767,0.000000
2.000000,1.000358,1.040108,-0.021753,0.003928,1.021797,-0.074135,-56.923767,0.000000
2.000000,1.000358,1.040142,-0.021753,0.003415,1.021797,-0.074135,-56.923767,0.000000
2.000000,1.000358,1.040065,-0.021753,0.007659,1.021797,-0.074135,-56.923767,0.000000
2.000000,1.000358,1.040211,-0.021753,0.014597,1.021797,-0.074135,-56.923767,0.000000
2.000000,1.000358,1.040125,-0.021753,0.008565,1.021797,-0.074135,-56.923767,0.000000
2.000000,1.000358,1.040157,-0.021753,0.003189,1.021797,