time,position,ref
0.033333333,0,1.65
0.066666667,0,1.65
0.1,0,1.65
0.133333333,0,1.65
0.166666667,0,1.65
0.2,0,1.65
0.233333333,0,1.65
0.266666667,0,1.65
0.3,0,1.65
0.333333333,0,1.65
0.366666667,0,1.65
0.4,0,1.65
0.433333333,0,1.65
0.466666667,0,1.65
0.5,0,1.65
0.533333333,0,1.65
0.566666667,0,1.65
0.6,0,1.65
0.633333333,0,1.65
0.666666667,0,1.65
0.7,0,1.65
0.733333333,0,1.65
0.766666667,0,1.65
0.8,0,1.65
0.833333333,0,1.65
0.866666667,0,1.65
0.9,0,1.65
0.933333333,0,1.65
0.966666667,0,1.65
1,0,1.65
1.033333333,0,1.65
1.066666667,0,1.65
1.1,0,1.65
1.133333333,0,1.65
1.166666667,0,1.65
1.2,0,1.65
1.233333333,0,1.65
1.266666667,0,1.65
1.3,0,1.65
1.333333333,0,1.65
1.366666667,0,1.65
1.4,0,1.65
1.433333333,0,1.65
1.466666667,0,1.65
1.5,0,1.65
1.533333333,0,1.65
1.566666667,0,1.65
1.6,0,1.65
1.633333333,0,1.65
1.666666667,0,1.65
1.7,0,1.65
1.733333333,0,1.65
1.766666667,0,1.65
1.8,0,1.65
1.833333333,0,1.65
1.866666667,0,1.65
1.9,0,1.65
1.933333333,0,1.65
1.966666667,0,1.65
2,0,1.65
2.033333333,0,1.65
2.066666667,0,1.65
2.1,0,1.65
2.133333333,0,1.65
2.166666667,0,1.65
2.2,0,1.65
2.233333333,0,1.65
2.266666667,0,1.65
2.3,0,1.65
2.333333333,0,1.65
2.366666667,0,1.65
2.4,0,1.65
2.433333333,0,1.65
2.466666667,0,1.65
2.5,0,1.65
2.533333333,0,1.65
2.566666667,0,1.65
2.6,0,1.65
2.633333333,0,1.65
2.666666667,0,1.65
2.7,0,1.65
2.733333333,0,1.65
2.766666667,0,1.65
2.8,0,1.65
2.833333333,0,1.65
2.866666667,0,1.65
2.9,0,1.65
2.933333333,0,1.65
2.966666667,0,1.65
3,0,1.65
3.033333333,0,1.65
3.066666667,0,1.65
3.1,0,1.65
3.133333333,0,1.65
3.166666667,0,1.65
3.2,0,1.65
3.233333333,0,1.65
3.266666667,0,1.65
3.3,0,1.65
3.333333333,0,1.65
3.366666667,0,1.65
3.4,0,1.65
3.433333333,0,1.65
3.466666667,0,1.65
3.5,0,1.65
3.533333333,0,1.65
3.566666667,0,1.65
3.6,0,1.65
3.633333333,0,1.65
3.666666667,0,1.65
3.7,0,1.65
3.733333333,0,1.65
3.766666667,0,1.65
3.8,0,1.65
3.833333333,0,1.65
3.866666667,0,1.65
3.9,0,1.65
3.933333333,0,1.65
3.966666667,0,1.65
4,0,1.65
4.033333333,0,1.65
4.066666667,0,1.65
4.1,0,1.65
4.133333333,0,1.65
4.166666667,0,1.65
4.2,0,1.65
4.233333333,0,1.65
4.266666667,0,1.65
4.3,0,1.65
4.333333333,0,1.65
4.366666667,0,1.65
4.4,0,1.65
4.433333333,0,1.65
4.466666667,0,1.65
4.5,0,1.65
4.533333333,0,1.65
4.566666667,0,1.65
4.6,0,1.65
4.633333333,0,1.65
4.666666667,0,1.65
4.7,0,1.65
4.733333333,0,1.65
4.766666667,0,1.65
4.8,0,1.65
4.833333333,0,1.65
4.866666667,0,1.65
4.9,0,1.65
4.933333333,0,1.65
4.966666667,0,1.65
5,0,1.65
5.033333333,0,1.65
5.066666667,0,1.65
5.1,0,1.65
5.133333333,0,1.65
5.166666667,0,1.65
5.2,0,1.65
5.233333333,0,1.65
5.266666667,0,1.65
5.3,0,1.65
5.333333333,0,1.65
5.366666667,0,1.65
5.4,0,1.65
5.433333333,0,1.65
5.466666667,0,1.65
5.5,0,1.65
5.533333333,0,1.65
5.566666667,0,1.65
5.6,0,1.65
5.633333333,0,1.65
5.666666667,0,1.65
5.7,0,1.65
5.733333333,0,1.65
5.766666667,0,1.65
5.8,0,1.65
5.833333333,0,1.65
5.866666667,0,1.65
5.9,0,1.65
5.933333333,0,1.65
5.966666667,0,1.65
6,0,1.65
6.033333333,0,1.65
6.066666667,0,1.65
6.1,0,1.65
6.133333333,0,1.65
6.166666667,0,1.65
6.2,0,1.65
6.233333333,0,1.65
6.266666667,0,1.65
6.3,0,1.65
6.333333333,0,1.65
6.366666667,0,1.65
6.4,0,1.65
6.433333333,0,1.65
6.466666667,0,1.65
6.5,0,1.65
6.533333333,0,1.65
6.566666667,0,1.65
6.6,0,1.65
6.633333333,0,1.65
6.666666667,0,1.65
6.7,0,1.65
6.733333333,0,1.65
6.766666667,0,1.65
6.8,0,1.65
6.833333333,0,1.65
6.866666667,0,1.65
6.9,0,1.65
6.933333333,0,1.65
6.966666667,0,1.65
7,0,1.65
7.033333333,0,1.65
7.066666667,0,1.65
7.1,0,1.65
7.133333333,0,1.65
7.166666667,0,1.65
7.2,0,1.65
7.233333333,0,1.65
7.266666667,0,1.65
7.3,0,1.65
7.333333333,0,1.65
7.366666667,0,1.65
7.4,0,1.65
7.433333333,0,1.65
7.466666667,0,1.65
7.5,0,1.65
7.533333333,0,1.65
7.566666667,0,1.65
7.6,0,1.65
7.633333333,0,1.65
7.666666667,0,1.65
7.7,0,1.65
7.733333333,0,1.65
7.766666667,0,1.65
7.8,0,1.65
7.833333333,0,1.65
7.866666667,0,1.65
7.9,0,1.65
7.933333333,0,1.65
7.966666667,0,1.65
8,0,1.65
8.033333333,0,1.65
8.066666667,0,1.65
8.1,0,1.65
8.133333333,0,1.65
8.166666667,0,1.65
8.2,0,1.65
8.233333333,0,1.65
8.266666667,0,1.65
8.3,0,1.65
8.333333333,0,1.65
8.366666667,0,1.65
8.4,0,1.65
8.433333333,0,1.65
8.466666667,0,1.65
8.5,0,1.65
8.533333333,0,1.65
8.566666667,0,1.65
8.6,0,1.65
8.633333333,0,1.65
8.666666667,0,1.65
8.7,0,1.65
8.733333333,0,1.65
8.766666667,0,1.65
8.8,0,1.65
8.833333333,0,1.65
8.866666667,0,1.65
8.9,0,1.65
8.933333333,0,1.65
8.966666667,0,1.65
9,0,1.65
9.033333333,0,1.65
9.066666667,0,1.65
9.1,0,1.65
9.133333333,0,1.65
9.166666667,0,1.65
9.2,0,1.65
9.233333333,0,1.65
9.266666667,0,1.65
9.3,0,1.65
9.333333333,0,1.65
9.366666667,0,1.65
9.4,0,1.65
9.433333333,0,1.65
9.466666667,0,1.65
9.5,0,1.65
9.533333333,0,1.65
9.566666667,0,1.65
9.6,0,1.65
9.633333333,0,1.65
9.666666667,0,1.65
9.7,0,1.65
9.733333333,0,1.65
9.766666667,0,1.65
9.8,0,1.65
9.833333333,0,1.65
9.866666667,0,1.65
9.9,0,1.65
9.933333333,0,1.65
9.966666667,0,1.65
10,0,1.65
10.03333333,0,1.65
10.06666667,0,1.65
10.1,0,1.65
10.13333333,0,1.65
10.16666667,0,1.65
10.2,0,1.65
10.23333333,0,1.65
10.26666667,0,1.65
10.3,0,1.65
10.33333333,0,1.65
10.36666667,0,1.65
10.4,0,1.65
10.43333333,0,1.65
10.46666667,0,1.65
10.5,0,1.65
10.53333333,0,1.65
10.56666667,0,1.65
10.6,0,1.65
10.63333333,0,1.65
10.66666667,0,1.65
10.7,0,1.65
10.73333333,0,1.65
10.76666667,0,1.65
10.8,0,1.65
10.83333333,0,1.65
10.86666667,0,1.65
10.9,0,1.65
10.93333333,0,1.65
10.96666667,0,1.65
11,0,1.65
11.03333333,0,1.65
11.06666667,0,1.65
11.1,0,1.65
11.13333333,0,1.65
11.16666667,0,1.65
11.2,0,1.65
11.23333333,0,1.65
11.26666667,0,1.65
11.3,0,1.65
11.33333333,0,1.65
11.36666667,0,1.65
11.4,0,1.65
11.43333333,0,1.65
11.46666667,0,1.65
11.5,0,1.65
11.53333333,0,1.65
11.56666667,0,1.65
11.6,0,1.65
11.63333333,0,1.65
11.66666667,0,1.65
11.7,0,1.65
11.73333333,0,1.65
11.76666667,0,1.65
11.8,0,1.65
11.83333333,0,1.65
11.86666667,0,1.65
11.9,0,1.65
11.93333333,0,1.65
11.96666667,0,1.65
12,0,1.65
12.03333333,0,1.65
12.06666667,0,1.65
12.1,0,1.65
12.13333333,0,1.65
12.16666667,0,1.65
12.2,0,1.65
12.23333333,0,1.65
12.26666667,0,1.65
12.3,0,1.65
12.33333333,0,1.65
12.36666667,0,1.65
12.4,0,1.65
12.43333333,0,1.65
12.46666667,0,1.65
12.5,0,1.65
12.53333333,0,1.65
12.56666667,0,1.65
12.6,0,1.65
12.63333333,0,1.65
12.66666667,0,1.65
12.7,0,1.65
12.73333333,0,1.65
12.76666667,0,1.65
12.8,0,1.65
12.83333333,0,1.65
12.86666667,0,1.65
12.9,0,1.65
12.93333333,0,1.65
12.96666667,0,1.65
13,0,1.65
13.03333333,0,1.65
13.06666667,0,1.65
13.1,0,1.65
13.13333333,0,1.65
13.16666667,0,1.65
13.2,0,1.65
13.23333333,0,1.65
13.26666667,0,1.65
13.3,0,1.65
13.33333333,0,1.65
13.36666667,0,1.65
13.4,0,1.65
13.43333333,0,1.65
13.46666667,0,1.65
13.5,0,1.65
13.53333333,0,1.65
13.56666667,0,1.65
13.6,0,1.65
13.63333333,0,1.65
13.66666667,0,1.65
13.7,0,1.65
13.73333333,0,1.65
13.76666667,0,1.65
13.8,0,1.65
13.83333333,0,1.65
13.86666667,0,1.65
13.9,0,1.65
13.93333333,0,1.65
13.96666667,0,1.65
14,0,1.65
14.03333333,0,1.65
14.06666667,0,1.65
14.1,0,1.65
14.13333333,0,1.65
14.16666667,0,1.65
14.2,0,1.65
14.23333333,0,1.65
14.26666667,0,1.65
14.3,0,1.65
14.33333333,0,1.65
14.36666667,0,1.65
14.4,0,1.65
14.43333333,0,1.65
14.46666667,0,1.65
14.5,0,1.65
14.53333333,0,1.65
14.56666667,0,1.65
14.6,0,1.65
14.63333333,0,1.65
14.66666667,2.56E-05,1.650845126
14.7,0.000115299,1.653804861
14.73333333,0.000205494,1.656781317
14.76666667,0.000295902,1.659764761
14.8,0.000387229,1.66277855
14.83333333,0.000455827,1.665042286
14.86666667,0.000455827,1.665042286
14.9,0.000476756,1.665732932
14.93333333,0.000523233,1.667266685
14.96666667,0.000571991,1.668875718
15,0.000622865,1.670554561
15.03333333,0.000669372,1.672089274
15.06666667,0.000695175,1.672940782
15.1,0.000695175,1.672940782
15.13333333,0.000819294,1.677036708
15.16666667,0.001129558,1.687275417
15.2,0.001590765,1.702495259
15.23333333,0.002241478,1.723968764
15.26666667,0.002899906,1.745696909
15.3,0.003788801,1.775030439
15.33333333,0.004680679,1.804462419
15.36666667,0.005339803,1.826213483
15.4,0.005992771,1.847761429
15.43333333,0.006817773,1.87498652
15.46666667,0.007730502,1.90510656
15.5,0.008854453,1.942196945
15.53333333,0.010029223,1.980964359
15.56666667,0.011129361,2.017268915
15.6,0.012160367,2.051292108
15.63333333,0.01286081,2.074406744
15.66666667,0.01324532,2.087095555
15.7,0.013797797,2.105327294
15.73333333,0.014443199,2.126625564
15.76666667,0.01516374,2.150403433
15.8,0.015926581,2.175577185
15.83333333,0.016737629,2.202341747
15.86666667,0.017200281,2.217609261
15.9,0.017582708,2.23022935
15.93333333,0.017906404,2.240911331
15.96666667,0.018143863,2.248747479
16,0.018229113,2.251560744
16.03333333,0.018198952,2.250565419
16.06666667,0.018000577,2.244019051
16.1,0.017622339,2.231537187
16.13333333,0.017140833,2.215647483
16.16666667,0.016714662,2.20158383
16.2,0.016354122,2.189686042
16.23333333,0.01603751,2.179237833
16.26666667,0.015778565,2.170692654
16.3,0.015562968,2.163577932
16.33333333,0.015251526,2.15330035
16.36666667,0.014930955,2.142721501
16.4,0.014646736,2.133342276
16.43333333,0.014353671,2.123671145
16.46666667,0.014087145,2.114875772
16.5,0.013909409,2.109010511
16.53333333,0.013778173,2.104679721
16.56666667,0.01362987,2.09978572
16.6,0.013458881,2.094143083
16.63333333,0.013162363,2.084357985
16.66666667,0.01277618,2.071613931
16.7,0.012414192,2.059668331
16.73333333,0.01203529,2.047164579
16.76666667,0.011580914,2.032170157
16.8,0.011160332,2.018290972
16.83333333,0.010749624,2.004737582
16.86666667,0.010235249,1.98776321
16.9,0.009558778,1.96543966
16.93333333,0.008891229,1.943410557
16.96666667,0.008171159,1.91964824
17,0.00731365,1.891350463
17.03333333,0.006557074,1.866383428
17.06666667,0.005835799,1.842581358
17.1,0.005143547,1.819737036
17.13333333,0.004291881,1.791632089
17.16666667,0.003535743,1.766679532
17.2,0.0029063,1.745907891
17.23333333,0.00241012,1.729533952
17.26666667,0.001955498,1.714531425
17.3,0.001589217,1.702444152
17.33333333,0.001393898,1.695998637
17.36666667,0.000967976,1.68194322
17.4,0.000515894,1.667024488
17.43333333,7.58E-05,1.652503027
17.46666667,-0.000492241,1.633756047
17.5,-0.001143327,1.61227021
17.53333333,-0.001373095,1.604687878
17.56666667,-0.001808339,1.590324819
17.6,-0.002275379,1.57491248
17.63333333,-0.002872305,1.555213928
17.66666667,-0.003985312,1.518484694
17.7,-0.005427765,1.470883747
17.73333333,-0.006687688,1.429306298
17.76666667,-0.008307209,1.375862096
17.8,-0.009978176,1.320720206
17.83333333,-0.011172634,1.281303064
17.86666667,-0.012344888,1.242618689
17.9,-0.013491441,1.204782437
17.93333333,-0.014848244,1.160007947
17.96666667,-0.016340102,1.110776624
18,-0.017823641,1.061819855
18.03333333,-0.018717127,1.032334806
18.06666667,-0.019831924,0.99554652
18.1,-0.020496446,0.97361729
18.13333333,-0.020722624,0.966153392
18.16666667,-0.02156259,0.938434545
18.2,-0.022315942,0.913573912
18.23333333,-0.023334047,0.879976436
18.26666667,-0.024859113,0.82964926
18.3,-0.026418195,0.778199558
18.33333333,-0.027875849,0.730096995
18.36666667,-0.029643245,0.671772904
18.4,-0.03153535,0.609333456
18.43333333,-0.033320893,0.550410524
18.46666667,-0.035521945,0.477775821
18.5,-0.037685832,0.406367554
18.53333333,-0.039421636,0.349086002
18.56666667,-0.04103576,0.29581992
18.6,-0.042739885,0.239583792
18.63333333,-0.044453221,0.1830437
18.66666667,-0.046193018,0.125630397
18.7,-0.047813244,0.072162959
18.73333333,-0.049600919,0.013169684
18.76666667,-0.051335827,0
18.8,-0.052999321,0
18.83333333,-0.054533515,0
18.86666667,-0.055622153,0
18.9,-0.056432894,0
18.93333333,-0.05719322,0
18.96666667,-0.057923737,0
19,-0.058654133,0
19.03333333,-0.059282321,0
19.06666667,-0.05991135,0
19.1,-0.060511321,0
19.13333333,-0.061159015,0
19.16666667,-0.061713466,0
19.2,-0.06212217,0
19.23333333,-0.0621732,0
19.26666667,-0.061845789,0
19.3,-0.061044092,0
19.33333333,-0.059915087,0
19.36666667,-0.058721436,0
19.4,-0.057565037,0
19.43333333,-0.056513825,0
19.46666667,-0.055602752,0
19.5,-0.054808174,0
19.53333333,-0.05409291,0
19.56666667,-0.053405759,0
19.6,-0.052749565,0
19.63333333,-0.052112358,0
19.66666667,-0.051444427,0
19.7,-0.050851451,0
19.73333333,-0.050247586,0
19.76666667,-0.049607092,0.012965965
19.8,-0.048856865,0.037723457
19.83333333,-0.048097384,0.062786335
19.86666667,-0.047406529,0.085584554
19.9,-0.046671399,0.109843842
19.93333333,-0.045877194,0.136052585
19.96666667,-0.045079343,0.162381682
20,-0.044227043,0.190507573
20.03333333,-0.043442139,0.2164094
20.06666667,-0.04261081,0.243843282
20.1,-0.041725243,0.273066996
20.13333333,-0.040816414,0.303058349
20.16666667,-0.039902567,0.333215299
20.2,-0.03908807,0.360093689
20.23333333,-0.03831487,0.385609281
20.26666667,-0.03756931,0.41021277
20.3,-0.036808156,0.435330857
20.33333333,-0.036196809,0.455505294
20.36666667,-0.035763363,0.469809022
20.4,-0.035449756,0.480158041
20.43333333,-0.035100052,0.491698268
20.46666667,-0.034807314,0.501358627
20.5,-0.034412482,0.514388089
20.53333333,-0.034051251,0.526308722
20.56666667,-0.033559295,0.542543256
20.6,-0.033228272,0.553467034
20.63333333,-0.033000867,0.560971398
20.66666667,-0.032864154,0.565482921
20.7,-0.032739635,0.56959203
20.73333333,-0.032771733,0.568532798
20.76666667,-0.032865298,0.565445167
20.8,-0.032960701,0.562296875
20.83333333,-0.033057796,0.559092745
20.86666667,-0.033147784,0.556123138
20.9,-0.033206216,0.554194887
20.93333333,-0.033206216,0.554194887
20.96666667,-0.033206216,0.554194887
21,-0.033206216,0.554194887
21.03333333,-0.033206216,0.554194887
21.06666667,-0.033206216,0.554194887
21.1,-0.033206216,0.554194887
21.13333333,-0.033206216,0.554194887
21.16666667,-0.033206216,0.554194887
21.2,-0.033206216,0.554194887
21.23333333,-0.033206216,0.554194887
21.26666667,-0.03312074,0.557015584
21.3,-0.032977805,0.56173245
21.33333333,-0.032722932,0.570143236
21.36666667,-0.032385647,0.581273653
21.4,-0.031977636,0.594738026
21.43333333,-0.031581098,0.607823775
21.46666667,-0.031109751,0.62337822
21.5,-0.030667011,0.637988637
21.53333333,-0.030289461,0.650447771
21.56666667,-0.029908621,0.663015516
21.6,-0.029526159,0.675636737
21.63333333,-0.029142207,0.688307169
21.66666667,-0.028771662,0.700535149
21.7,-0.028497845,0.70957111
21.73333333,-0.028238063,0.718143907
21.76666667,-0.027993373,0.72621869
21.8,-0.027748115,0.734312218
21.83333333,-0.02750593,0.742304297
21.86666667,-0.027283921,0.749630592
21.9,-0.027053533,0.757233396
21.93333333,-0.026815846,0.765077073
21.96666667,-0.026560266,0.77351123
22,-0.026279143,0.782788297
22.03333333,-0.02603857,0.790727189
22.06666667,-0.025804934,0.798437173
22.1,-0.025568806,0.806229398
22.13333333,-0.025369355,0.812811276
22.16666667,-0.025226436,0.817527628
22.2,-0.025033033,0.823909902
22.23333333,-0.024766469,0.83270651
22.26666667,-0.024523869,0.840712322
22.3,-0.024294367,0.848285891
22.33333333,-0.024052569,0.856265228
22.36666667,-0.023798108,0.864662431
22.4,-0.023524206,0.873701187
22.43333333,-0.023235988,0.883212394
22.46666667,-0.022931433,0.89326271
22.5,-0.022597264,0.904290299
22.53333333,-0.022471779,0.908431291
22.56666667,-0.02245834,0.908874775
22.6,-0.022469779,0.908497296
22.63333333,-0.022360304,0.912109958
22.66666667,-0.022100312,0.92068969
22.7,-0.021760754,0.931895108
22.73333333,-0.021247646,0.948827694
22.76666667,-0.020509211,0.973196026
22.8,-0.019676884,1.000662813
22.83333333,-0.018759082,1.030950286
22.86666667,-0.018019084,1.05537024
22.9,-0.017273658,1.079969288
22.93333333,-0.016490481,1.105814129
22.96666667,-0.015714648,1.131416616
23,-0.014962314,1.156243641
23.03333333,-0.014420344,1.174128639
23.06666667,-0.013791786,1.194871071
23.1,-0.013158709,1.215762593
23.13333333,-0.0125295,1.23652651
23.16666667,-0.01203054,1.25299219
23.2,-0.011728057,1.26297412
23.23333333,-0.011394597,1.273978308
23.26666667,-0.011012998,1.286571072
23.3,-0.010556274,1.301642947
23.33333333,-0.009854131,1.324813672
23.36666667,-0.009106587,1.349482623
23.4,-0.008150779,1.381024279
23.43333333,-0.007000288,1.418990484
23.46666667,-0.00565914,1.463248374
23.5,-0.004189448,1.511748203
23.53333333,-0.003190852,1.544701868
23.56666667,-0.001985431,1.58448079
23.6,-0.000625086,1.629372178
23.63333333,0.000792141,1.676140665
23.66666667,0.001935984,1.713887477
23.7,0.0024811,1.731876293
23.73333333,0.00303081,1.750016729
23.76666667,0.00342444,1.763006532
23.8,0.00367579,1.771301058
23.83333333,0.003983109,1.781442607
23.86666667,0.004107556,1.785549339
23.9,0.004302385,1.791978719
23.93333333,0.004476813,1.797734845
23.96666667,0.00467839,1.804386885
24,0.004842149,1.809790925
24.03333333,0.004882362,1.811117951
24.06666667,0.004941898,1.81308262
24.1,0.005331335,1.82593405
24.13333333,0.005768549,1.840362131
24.16666667,0.006288773,1.857529525
24.2,0.006613287,1.868238487
24.23333333,0.007509214,1.897804065
24.26666667,0.008390532,1.92688756
24.3,0.009897053,1.976602747
24.33333333,0.01215631,2.051158242
24.36666667,0.012903712,2.075822486
24.4,0.014153806,2.117075582
24.43333333,0.015742101,2.169489325
24.46666667,0.017235615,2.21877528
24.5,0.018713551,2.267547189
24.53333333,0.019548593,2.295103562
24.56666667,0.020910505,2.340046676
24.6,0.022424916,2.390022234
24.63333333,0.024091518,2.445020105
24.66666667,0.02580579,2.501591073
24.7,0.026192026,2.514336857
24.73333333,0.026391286,2.520912454
24.76666667,0.026441602,2.52257286
24.8,0.026416182,2.521733999
24.83333333,0.026002016,2.508066528
24.86666667,0.025716376,2.498640395
24.9,0.025334723,2.486045861
24.93333333,0.024926264,2.472566707
24.96666667,0.024292863,2.451664491
25,0.023428299,2.423133864
25.03333333,0.023096706,2.4121913
25.06666667,0.022461932,2.391243766
25.1,0.021444799,2.357678375
25.13333333,0.02056569,2.328667761
25.16666667,0.019653282,2.298558304
25.2,0.019030502,2.278006568
25.23333333,0.018184414,2.250085662
25.26666667,0.017163012,2.216379395
25.3,0.015690659,2.167791742
25.33333333,0.014177123,2.117845075
25.36666667,0.013673235,2.10121674
25.4,0.013149137,2.083921527
25.43333333,0.012555038,2.064316245
25.46666667,0.012140147,2.050624837
25.5,0.011671003,2.035143087
25.53333333,0.011408921,2.026494393
25.56666667,0.010870562,2.008728539
25.6,0.009917527,1.977278377
25.63333333,0.00867072,1.936133774
25.66666667,0.007333756,1.892013953
25.7,0.006663823,1.869906165
25.73333333,0.005896489,1.844584125
25.76666667,0.005051429,1.816697169
25.8,0.004243434,1.790033308
25.83333333,0.003511514,1.765879956
25.86666667,0.003158258,1.754222507
25.9,0.001829063,1.71035908
25.93333333,-0.000754731,1.625093864
25.96666667,-0.004408309,1.504525808
26,-0.007761408,1.393873551
26.03333333,-0.008141496,1.381330628
26.06666667,-0.008606616,1.365981679
26.1,-0.008915716,1.35578136
26.13333333,-0.009227761,1.345483872
26.16666667,-0.009698551,1.329947824
26.2,-0.009728597,1.328956314
26.23333333,-0.009771618,1.327536597
26.26666667,-0.009847499,1.325032536
26.3,-0.009957993,1.32138624
26.33333333,-0.010134685,1.31555538
26.36666667,-0.010139842,1.315385207
26.4,-0.010133334,1.315599977
26.43333333,-0.010120088,1.316037098
26.46666667,-0.010085977,1.317162755
26.5,-0.010019579,1.319353888
26.53333333,-0.010017991,1.319406295
26.56666667,-0.009997923,1.320068526
26.6,-0.009972659,1.320902246
26.63333333,-0.00993495,1.322146652
26.66666667,-0.00993495,1.322146652
26.7,-0.00993495,1.322146652
26.73333333,-0.009929183,1.322336975
26.76666667,-0.009897714,1.323375445
26.8,-0.009818094,1.326002902
26.83333333,-0.009714447,1.329423239
26.86666667,-0.009703877,1.329772067
26.9,-0.009676503,1.330675412
26.93333333,-0.009615019,1.332704381
26.96666667,-0.009393117,1.340027144
27,-0.009098875,1.349737133
27.03333333,-0.009098875,1.349737133
27.06666667,-0.009098875,1.349737133
27.1,-0.009098875,1.349737133
27.13333333,-0.009098875,1.349737133
27.16666667,-0.009098875,1.349737133
27.2,-0.009098875,1.349737133
27.23333333,-0.009098875,1.349737133
27.26666667,-0.009098875,1.349737133
27.3,-0.009098875,1.349737133
27.33333333,-0.009098875,1.349737133
27.36666667,-0.009098875,1.349737133
27.4,-0.009098875,1.349737133
27.43333333,-0.009098875,1.349737133
27.46666667,-0.009098875,1.349737133
27.5,-0.009098875,1.349737133
27.53333333,-0.009098875,1.349737133
27.56666667,-0.009098875,1.349737133
27.6,-0.009098875,1.349737133
27.63333333,-0.009098875,1.349737133
27.66666667,-0.009098875,1.349737133
27.7,-0.009098875,1.349737133
27.73333333,-0.009098875,1.349737133
27.76666667,-0.009098875,1.349737133
27.8,-0.009098875,1.349737133
27.83333333,-0.009098875,1.349737133
27.86666667,-0.009098875,1.349737133
27.9,-0.009098875,1.349737133
27.93333333,-0.008960611,1.354299852
27.96666667,-0.008751665,1.36119504
28,-0.008073428,1.383576874
28.03333333,-0.008013644,1.385549746
28.06666667,-0.007273767,1.409965677
28.1,-0.006681194,1.429520604
28.13333333,-0.005665151,1.463050029
28.16666667,-0.004616057,1.497670133
28.2,-0.004616057,1.497670133
28.23333333,-0.004616057,1.497670133
28.26666667,-0.004616057,1.497670133
28.3,-0.004616057,1.497670133
28.33333333,-0.004616057,1.497670133
28.36666667,-0.004616057,1.497670133
28.4,-0.004466508,1.502605226
28.43333333,-0.004311581,1.507717824
28.46666667,-0.004151213,1.513009986
28.5,-0.00401759,1.517419546
28.53333333,-0.00401759,1.517419546
28.56666667,-0.003712116,1.527500178
28.6,-0.003494565,1.534679339
28.63333333,-0.003277675,1.541836709
28.66666667,-0.003060785,1.548994079
28.7,-0.003060785,1.548994079
28.73333333,-0.002878481,1.555010127
28.76666667,-0.002600499,1.564183522
28.8,-0.002416233,1.570264308
28.83333333,-0.002231967,1.576345094
28.86666667,-0.002231967,1.576345094
28.9,-0.002231967,1.576345094
28.93333333,-0.002222062,1.576671939
28.96666667,-0.002116231,1.58016439
29,-0.001968247,1.585047846
29.03333333,-0.00194268,1.585891555
29.06666667,-0.001915265,1.586796262
29.1,-0.001848297,1.589006195
29.13333333,-0.001774032,1.591456958
29.16666667,-0.001658694,1.595263093
29.2,-0.001658694,1.595263093
29.23333333,-0.001552017,1.598783438
29.26666667,-0.001415506,1.603288316
29.3,-0.001266648,1.608200621
29.33333333,-0.001046182,1.615476007
29.36666667,-0.001031074,1.615974555
29.4,-0.000995964,1.617133174
29.43333333,-0.00094625,1.618773764
29.46666667,-0.000887624,1.620708412
29.5,-0.000817463,1.62302373
29.53333333,-0.000817463,1.62302373
29.56666667,-0.000553754,1.631726132
29.6,-6.84E-05,1.647743282
29.63333333,0.000634612,1.670942198
29.66666667,0.001522153,1.700231052
29.7,0.001522153,1.700231052
29.73333333,0.001765604,1.70826492
29.76666667,0.002281452,1.725287922
29.8,0.003056907,1.750877926
29.83333333,0.004106398,1.785511134
29.86666667,0.004359854,1.793875177
29.9,0.004938477,1.812969742
29.93333333,0.005838272,1.842662976
29.96666667,0.006953019,1.879449636
30,0.008374555,1.926360319
30.03333333,0.008809006,1.940697205
30.06666667,0.009645556,1.968303358
30.1,0.010908706,2.009987283
30.13333333,0.012374154,2.058347096
30.16666667,0.013980716,2.111363621
30.2,0.014398634,2.12515492
30.23333333,0.015280003,2.154240086
30.26666667,0.016209897,2.184926595
30.3,0.017165888,2.216474302
30.33333333,0.018086685,2.246860608
30.36666667,0.018369426,2.256191071
30.4,0.018949497,2.275333401
30.43333333,0.019583777,2.296264642
30.46666667,0.020381692,2.322595822
30.5,0.021103431,2.346413235
30.53333333,0.021325359,2.353736838
30.56666667,0.021600504,2.362816627
30.6,0.021989873,2.375665802
30.63333333,0.022339485,2.387202997
30.66666667,0.022566848,2.394705976
30.7,0.022627785,2.396716899
30.73333333,0.022677953,2.39837244
30.76666667,0.022731921,2.400153405
30.8,0.022882381,2.405118562
30.83333333,0.023180736,2.414964295
30.86666667,0.023400904,2.422229848
30.9,0.02372138,2.432805547
30.93333333,0.024169212,2.447584012
30.96666667,0.024681285,2.464482412
31,0.025172175,2.480681769
31.03333333,0.02529707,2.484803301
31.06666667,0.025457386,2.490093723
31.1,0.025640228,2.49612754
31.13333333,0.02583548,2.502570834
31.16666667,0.025976396,2.507221067
31.2,0.025984833,2.507499495
31.23333333,0.026004037,2.508133224
31.26666667,0.026055409,2.509828509
31.3,0.026102825,2.511393218
31.33333333,0.026167242,2.513518989
31.36666667,0.02618239,2.514018885
31.4,0.026210889,2.514959339
31.43333333,0.026254955,2.516413501
31.46666667,0.026278377,2.51718645
31.5,0.02630639,2.518110876
31.53333333,0.026295752,2.517759803
31.56666667,0.026252427,2.516330085
31.6,0.026157265,2.513189751
31.63333333,0.026051384,2.509695681
31.66666667,0.025940133,2.506024375
31.7,0.025896699,2.504591058
31.73333333,0.025859569,2.503365778
31.76666667,0.025859569,2.503365778
31.8,0.025859569,2.503365778
31.83333333,0.025859569,2.503365778
31.86666667,0.025859569,2.503365778
31.9,0.025859569,2.503365778
31.93333333,0.025859569,2.503365778
31.96666667,0.025859569,2.503365778
32,0.025859569,2.503365778
32.03333333,0.025859569,2.503365778
32.06666667,0.025859569,2.503365778
32.1,0.025859569,2.503365778
32.13333333,0.025859569,2.503365778
32.16666667,0.025859569,2.503365778
32.2,0.025859569,2.503365778
32.23333333,0.025859569,2.503365778
32.26666667,0.02562121,2.495499928
32.3,0.025092387,2.47804877
32.33333333,0.024147842,2.446878779
32.36666667,0.023645615,2.430305293
32.4,0.022366919,2.38810833
32.43333333,0.020942146,2.341090805
32.46666667,0.019472203,2.292582713
32.5,0.017841659,2.238774739
32.53333333,0.01736313,2.222983291
32.56666667,0.016197944,2.18453215
32.6,0.014926243,2.142566013
32.63333333,0.013329264,2.089865718
32.66666667,0.011593424,2.032582999
32.7,0.011017393,2.013573984
32.73333333,0.010217977,1.987193237
32.76666667,0.009178077,1.952876528
32.8,0.007822156,1.908131142
32.83333333,0.006418403,1.8618073
32.86666667,0.005986336,1.847549074
32.9,0.005479278,1.830816174
32.93333333,0.005043165,1.81642443
32.96666667,0.004818517,1.809011047
33,0.004818517,1.809011047
33.03333333,0.004818517,1.809011047
33.06666667,0.004818517,1.809011047
33.1,0.004818517,1.809011047
33.13333333,0.004818517,1.809011047
33.16666667,0.004818517,1.809011047
33.2,0.004818517,1.809011047
33.23333333,0.004818517,1.809011047
33.26666667,0.004650366,1.803462092
33.3,0.004443065,1.796621157
33.33333333,0.004194061,1.788404001
33.36666667,0.004169726,1.787600969
33.4,0.004115812,1.785821811
33.43333333,0.004115812,1.785821811
33.46666667,0.004115812,1.785821811
33.5,0.004115812,1.785821811
33.53333333,0.004115812,1.785821811
33.56666667,0.004115812,1.785821811
33.6,0.004115812,1.785821811
33.63333333,0.004115812,1.785821811
33.66666667,0.004115812,1.785821811
33.7,0.004115812,1.785821811
33.73333333,0.004115812,1.785821811
33.76666667,0.004115812,1.785821811
33.8,0.004115812,1.785821811
33.83333333,0.004115812,1.785821811
33.86666667,0.004115812,1.785821811
33.9,0.004115812,1.785821811
33.93333333,0.004115812,1.785821811
33.96666667,0.004115812,1.785821811
34,0.004115812,1.785821811
34.03333333,0.004115812,1.785821811
34.06666667,0.004115812,1.785821811
34.1,0.004115812,1.785821811
34.13333333,0.004115812,1.785821811
34.16666667,0.004115812,1.785821811
34.2,0.004115812,1.785821811
34.23333333,0.004115812,1.785821811
34.26666667,0.004115812,1.785821811
34.3,0.004115812,1.785821811
34.33333333,0.004096726,1.785191958
34.36666667,0.004094132,1.785106366
34.4,0.004088327,1.784914782
34.43333333,0.004079211,1.78461396
34.46666667,0.00406682,1.784205047
34.5,0.00406896,1.784275668
34.53333333,0.004069618,1.784297405
34.56666667,0.004069618,1.784297405
34.6,0.004069618,1.784297405
34.63333333,0.004069618,1.784297405
34.66666667,0.004069618,1.784297405
34.7,0.004069618,1.784297405
34.73333333,0.004069618,1.784297405
34.76666667,0.004069618,1.784297405
34.8,0.004069618,1.784297405
34.83333333,0.004069618,1.784297405
34.86666667,0.004069618,1.784297405
34.9,0.004069618,1.784297405
34.93333333,0.004069618,1.784297405
34.96666667,0.004069618,1.784297405
35,0.004069618,1.784297405
35.03333333,0.004069618,1.784297405
35.06666667,0.004069618,1.784297405
35.1,0.004069618,1.784297405
35.13333333,0.004069618,1.784297405
35.16666667,0.004069618,1.784297405
35.2,0.004006297,1.782207804
35.23333333,0.003794847,1.775229966
35.26666667,0.003370705,1.761233268
35.3,0.002727441,1.740005543
35.33333333,0.001907622,1.712951535
35.36666667,0.001402113,1.696269715
35.4,0.000759422,1.675060913
35.43333333,5.44E-05,1.651793826
35.46666667,-0.00057668,1.630969559
35.5,-0.001345347,1.605603562
35.53333333,-0.001966396,1.585108922
35.56666667,-0.002474368,1.568345843
35.6,-0.002841115,1.556243193
35.63333333,-0.003229117,1.543439154
35.66666667,-0.003419681,1.537150539
35.7,-0.003419681,1.537150539
35.73333333,-0.003419681,1.537150539
35.76666667,-0.003419681,1.537150539
35.8,-0.003419681,1.537150539
35.83333333,-0.003419681,1.537150539
35.86666667,-0.003419681,1.537150539
35.9,-0.003305251,1.540926714
35.93333333,-0.003083487,1.548244936
35.96666667,-0.002838043,1.556344574
36,-0.0025488,1.565889584
36.03333333,-0.002319968,1.573441042
36.06666667,-0.002199387,1.577420214
36.1,-0.00216811,1.578452376
36.13333333,-0.002132712,1.579620504
36.16666667,-0.0021185,1.580089486
36.2,-0.002109943,1.580371874
36.23333333,-0.002100421,1.580686091
36.26666667,-0.002066011,1.581821648
36.3,-0.002194612,1.57757781
36.33333333,-0.002328553,1.573157742
36.36666667,-0.002415058,1.570303087
36.4,-0.00260007,1.564197678
36.43333333,-0.003135731,1.546520886
36.46666667,-0.003555694,1.532662095
36.5,-0.004223603,1.510621095
36.53333333,-0.004782076,1.492191504
36.56666667,-0.005282048,1.47569241
36.6,-0.005486929,1.468931336
36.63333333,-0.005704297,1.461758197
36.66666667,-0.006113292,1.44826136
36.7,-0.006350477,1.440434264
36.73333333,-0.006636532,1.43099444
36.76666667,-0.006953745,1.420526413
36.8,-0.00729756,1.409180521
36.83333333,-0.00729756,1.409180521
36.86666667,-0.007515998,1.401972061
36.9,-0.007771769,1.393531609
36.93333333,-0.008046699,1.384458928
36.96666667,-0.008352628,1.374363272
37,-0.00868287,1.363465283
37.03333333,-0.008954738,1.354493655
37.06666667,-0.00938452,1.340310842
37.1,-0.009532882,1.335414907
37.13333333,-0.009873496,1.32417463
37.16666667,-0.010417356,1.306227266
37.2,-0.010900568,1.290281259
37.23333333,-0.01145646,1.271936821
37.26666667,-0.012337495,1.24286265
37.3,-0.013301751,1.211042202
37.33333333,-0.014342285,1.17670461
37.36666667,-0.014817893,1.161009519
37.4,-0.015636541,1.13399416
37.43333333,-0.016533712,1.104387499
37.46666667,-0.017341142,1.077742308
37.5,-0.018469177,1.040517152
37.53333333,-0.018998221,1.023058721
37.56666667,-0.019526617,1.00562163
37.6,-0.020207715,0.98314542
37.63333333,-0.021277218,0.947851809
37.66666667,-0.02239955,0.910814866
37.7,-0.023012971,0.89057197
37.73333333,-0.023750552,0.86623177
37.76666667,-0.024346392,0.84656907
37.8,-0.024774355,0.832446296
37.83333333,-0.024802925,0.83150347
37.86666667,-0.024688629,0.835275231
37.9,-0.024392492,0.845047779
37.93333333,-0.023930935,0.860279138
37.96666667,-0.02318395,0.884929634
38,-0.022411129,0.910432731
38.03333333,-0.021962423,0.925240035
38.06666667,-0.021535026,0.939344158
38.1,-0.021135592,0.952525458
38.13333333,-0.020841281,0.962237713
38.16666667,-0.020647957,0.968617403
38.2,-0.020507476,0.973253289
38.23333333,-0.020357103,0.978215592
38.26666667,-0.020344395,0.97863495
38.3,-0.020271469,0.98104152
38.33333333,-0.020030558,0.988991585
38.36666667,-0.019801062,0.996564963
38.4,-0.019641772,1.001821533
38.43333333,-0.019181365,1.017014956
38.46666667,-0.018791229,1.029889444
38.5,-0.018574866,1.037029414
38.53333333,-0.018514604,1.039018053
38.56666667,-0.018455585,1.040965692
38.6,-0.018661295,1.034177259
38.63333333,-0.018978275,1.023716935
38.66666667,-0.019284607,1.01360798
38.7,-0.019507778,1.006243335
38.73333333,-0.019684466,1.000412607
38.76666667,-0.019807454,0.996354033
38.8,-0.019651122,1.001512976
38.83333333,-0.019483898,1.00703138
38.86666667,-0.018892087,1.026561116
38.9,-0.018244183,1.047941975
38.93333333,-0.016982994,1.089561206
38.96666667,-0.015749498,1.130266552
39,-0.014430209,1.173803099
39.03333333,-0.013183691,1.214938188
39.06666667,-0.012126224,1.249834617
39.1,-0.010708534,1.296618385
39.13333333,-0.009612874,1.332775158
39.16666667,-0.008172491,1.380307803
39.2,-0.007310503,1.408753393
39.23333333,-0.006484213,1.436020972
39.26666667,-0.005444111,1.47034434
39.3,-0.004490224,1.501822606
39.33333333,-0.003767391,1.525676101
39.36666667,-0.003259749,1.542428268
39.4,-0.002802164,1.557528578
39.43333333,-0.002826196,1.556735521
39.46666667,-0.003105934,1.54750418
39.5,-0.003587623,1.531608425
39.53333333,-0.004042414,1.516600338
39.56666667,-0.00451549,1.500988814
39.6,-0.004961396,1.486273919
39.63333333,-0.005195757,1.47854002
39.66666667,-0.005197728,1.478474971
39.7,-0.00517348,1.479275169
39.73333333,-0.005172746,1.479299379
39.76666667,-0.004908642,1.488014804
39.8,-0.004489304,1.501852966
39.83333333,-0.003945104,1.519811574
39.86666667,-0.003380004,1.538459867
39.9,-0.00279227,1.55785508
39.93333333,-0.002192344,1.577652649
39.96666667,-0.001623922,1.596410563
40,-0.001043474,1.615565343
40.03333333,-0.000593668,1.630408947
40.06666667,-0.000112741,1.646279555
40.1,0.000395479,1.663050791
40.13333333,0.000799535,1.676384663
40.16666667,0.001088095,1.685907129
40.2,0.001157912,1.688211105
40.23333333,0.001097043,1.686202411
40.26666667,0.000948389,1.681296827
40.3,0.000745594,1.674604613
40.33333333,0.000528959,1.667455653
40.36666667,0.000403041,1.663300361
40.4,0.000361996,1.66194586
40.43333333,0.000406298,1.663407837
40.46666667,0.000599935,1.669797864
40.5,0.000810196,1.676736474
40.53333333,0.001051268,1.684691853
40.56666667,0.001243332,1.691029965
40.6,0.001254601,1.691401825
40.63333333,0.000893207,1.679475846
40.66666667,0.000512502,1.666912581
40.7,9.07E-05,1.65299166
40.73333333,-0.000446089,1.635279065
40.76666667,-0.000934241,1.619170047
40.8,-0.001217787,1.609813031
40.83333333,-0.002113363,1.580259005
40.86666667,-0.002919589,1.553653547
40.9,-0.004180206,1.512053202
40.93333333,-0.005991924,1.452266516
40.96666667,-0.008179275,1.380083933
41,-0.010233744,1.312286457
41.03333333,-0.011844344,1.259136639
41.06666667,-0.013288608,1.21147593
41.1,-0.014439026,1.173512139
41.13333333,-0.01582838,1.127663451
41.16666667,-0.017225515,1.081557994
41.2,-0.018463376,1.040708604
41.23333333,-0.019969052,0.991021268
41.26666667,-0.021761335,0.931875955
41.3,-0.023692827,0.868136708
41.33333333,-0.025844151,0.79714302
41.36666667,-0.027446692,0.744259152
41.4,-0.029065209,0.690848098
41.43333333,-0.030632664,0.639122073
41.46666667,-0.032219451,0.586758112
41.5,-0.034121033,0.524005921
41.53333333,-0.035783639,0.469139913
41.56666667,-0.037715253,0.405396666
41.6,-0.039948715,0.331692408
41.63333333,-0.042525729,0.246650932
41.66666667,-0.045257381,0.156506423
41.7,-0.047040878,0.097651012
41.73333333,-0.049003882,0.03287189
41.76666667,-0.05115185,0
41.8,-0.053430236,0
41.83333333,-0.055259263,0
41.86666667,-0.057149936,0
41.9,-0.059056855,0
41.93333333,-0.060867892,0
41.96666667,-0.062626572,0
42,-0.065290452,0
42.03333333,-0.067961649,0
42.06666667,-0.070333357,0
42.1,-0.072852498,0
42.13333333,-0.075417974,0
42.16666667,-0.077504325,0
42.2,-0.078367679,0
42.23333333,-0.079185299,0
42.26666667,-0.079633409,0
42.3,-0.079718903,0
42.33333333,-0.079583189,0
42.36666667,-0.079475893,0
42.4,-0.079475893,0
42.43333333,-0.079475893,0
42.46666667,-0.079475893,0
42.5,-0.079475893,0
42.53333333,-0.079475893,0
42.56666667,-0.079475893,0
42.6,-0.079475893,0
42.63333333,-0.079475893,0
42.66666667,-0.079475893,0
42.7,-0.079475893,0
42.73333333,-0.079475893,0
42.76666667,-0.079475893,0
42.8,-0.079475893,0
42.83333333,-0.079475893,0
42.86666667,-0.079475893,0
42.9,-0.079475893,0
42.93333333,-0.079475893,0
42.96666667,-0.079475893,0
43,-0.079475893,0
43.03333333,-0.079475893,0
43.06666667,-0.079475893,0
43.1,-0.079475893,0
43.13333333,-0.079475893,0
43.16666667,-0.079475893,0
43.2,-0.079475893,0
43.23333333,-0.079347634,0
43.26666667,-0.0792109,0
43.3,-0.079057712,0
43.33333333,-0.078891689,0
43.36666667,-0.078784275,0
43.4,-0.078784275,0
43.43333333,-0.078784275,0
43.46666667,-0.078784275,0
43.5,-0.078784275,0
43.53333333,-0.078784275,0
43.56666667,-0.078706448,0
43.6,-0.07853318,0
43.63333333,-0.078191193,0
43.66666667,-0.077714166,0
43.7,-0.0773711,0
43.73333333,-0.07700213,0
43.76666667,-0.076690358,0
43.8,-0.07578846,0
43.83333333,-0.074807791,0
43.86666667,-0.074217928,0
43.9,-0.073440986,0
43.93333333,-0.072561909,0
43.96666667,-0.07160906,0
44,-0.070533105,0
44.03333333,-0.069805958,0
44.06666667,-0.068849344,0
44.1,-0.067820235,0
44.13333333,-0.066727425,0
44.16666667,-0.065574097,0
44.2,-0.065058473,0
44.23333333,-0.064246517,0
44.26666667,-0.063366515,0
44.3,-0.062392232,0
44.33333333,-0.061343588,0
44.36666667,-0.060905286,0
44.4,-0.06039359,0
44.43333333,-0.059806548,0
44.46666667,-0.05912135,0
44.5,-0.058401347,0
44.53333333,-0.057887411,0
44.56666667,-0.057253038,0
44.6,-0.056529258,0
44.63333333,-0.056529258,0
44.66666667,-0.056529258,0
44.7,-0.056529258,0
44.73333333,-0.056529258,0
44.76666667,-0.056529258,0
44.8,-0.056529258,0
44.83333333,-0.056529258,0
44.86666667,-0.056529258,0
44.9,-0.056529258,0
44.93333333,-0.056529258,0
44.96666667,-0.056529258,0
45,-0.056529258,0
45.03333333,-0.056529258,0
45.06666667,-0.056529258,0
45.1,-0.056529258,0
45.13333333,-0.056529258,0
45.16666667,-0.056529258,0
45.2,-0.056529258,0
45.23333333,-0.056529258,0
45.26666667,-0.056529258,0
45.3,-0.056529258,0
45.33333333,-0.056529258,0
45.36666667,-0.056529258,0
45.4,-0.056529258,0
45.43333333,-0.056529258,0
45.46666667,-0.056529258,0
45.5,-0.056529258,0
45.53333333,-0.056529258,0
45.56666667,-0.056529258,0
45.6,-0.056529258,0
45.63333333,-0.05650832,0
45.66666667,-0.056485049,0
45.7,-0.056471646,0
45.73333333,-0.056455084,0
45.76666667,-0.056435367,0
45.8,-0.056292817,0
45.83333333,-0.056130177,0
45.86666667,-0.056049504,0
45.9,-0.055961941,0
45.93333333,-0.055860896,0
45.96666667,-0.055743065,0
46,-0.055743065,0
46.03333333,-0.055406553,0
46.06666667,-0.054497817,0
46.1,-0.053432368,0
46.13333333,-0.052235365,0
46.16666667,-0.050932301,0
46.2,-0.050522518,0
46.23333333,-0.050522518,0
46.26666667,-0.050522518,0
46.3,-0.050522518,0
46.33333333,-0.050522518,0
46.36666667,-0.050522518,0
46.4,-0.050522518,0
46.43333333,-0.050522518,0
46.46666667,-0.050522518,0
46.5,-0.050522518,0
46.53333333,-0.050522518,0
46.56666667,-0.050522518,0
46.6,-0.050522518,0
46.63333333,-0.050522518,0
46.66666667,-0.050522518,0
46.7,-0.050522518,0
46.73333333,-0.050522518,0
46.76666667,-0.050522518,0
46.8,-0.050522518,0
46.83333333,-0.050522518,0
46.86666667,-0.050522518,0
46.9,-0.050522518,0
46.93333333,-0.050522518,0
46.96666667,-0.050522518,0
47,-0.050522518,0
47.03333333,-0.050522518,0
47.06666667,-0.050522518,0
47.1,-0.050522518,0
47.13333333,-0.050522518,0
47.16666667,-0.050522518,0
47.2,-0.050522518,0
47.23333333,-0.050522518,0
47.26666667,-0.050522518,0
47.3,-0.050522518,0
47.33333333,-0.050522518,0
47.36666667,-0.050522518,0
47.4,-0.050522518,0
47.43333333,-0.050522518,0
47.46666667,-0.050522518,0
47.5,-0.050522518,0
47.53333333,-0.050522518,0
47.56666667,-0.050522518,0
47.6,-0.050522518,0
47.63333333,-0.050522518,0
47.66666667,-0.050522518,0
47.7,-0.050522518,0
47.73333333,-0.050522518,0
47.76666667,-0.050522518,0
47.8,-0.050522518,0
47.83333333,-0.050522518,0
47.86666667,-0.050522518,0
47.9,-0.050522518,0
47.93333333,-0.050522518,0
47.96666667,-0.050522518,0
48,-0.050522518,0
48.03333333,-0.050522518,0
48.06666667,-0.050522518,0
48.1,-0.050522518,0
48.13333333,-0.050522518,0
48.16666667,-0.050522518,0
48.2,-0.050522518,0
48.23333333,-0.050522518,0
48.26666667,-0.050522518,0
48.3,-0.050522518,0
48.33333333,-0.050916603,0
48.36666667,-0.051066961,0
48.4,-0.051304183,0
48.43333333,-0.051599508,0
48.46666667,-0.052507364,0
48.5,-0.053602516,0
48.53333333,-0.054142481,0
48.56666667,-0.054619194,0
48.6,-0.055195547,0
48.63333333,-0.055195547,0
48.66666667,-0.055195547,0
48.7,-0.055390355,0
48.73333333,-0.055939481,0
48.76666667,-0.056605019,0
48.8,-0.057326215,0
48.83333333,-0.058106384,0
48.86666667,-0.05850992,0
48.9,-0.059408106,0
48.93333333,-0.060772529,0
48.96666667,-0.062650291,0
49,-0.06569443,0
49.03333333,-0.067411688,0
49.06666667,-0.069216551,0
49.1,-0.071678864,0
49.13333333,-0.074865569,0
49.16666667,-0.078428552,0
49.2,-0.080526833,0
49.23333333,-0.084380163,0
49.26666667,-0.088473855,0
49.3,-0.092866655,0
49.33333333,-0.09729849,0
49.36666667,-0.099548486,0
49.4,-0.102227652,0
49.43333333,-0.105329054,0
49.46666667,-0.107928133,0
49.5,-0.110109237,0
49.53333333,-0.111101627,0
49.56666667,-0.112346195,0
49.6,-0.113032776,0
49.63333333,-0.113767561,0
49.66666667,-0.113767561,0
49.7,-0.113767561,0
49.73333333,-0.113767561,0
49.76666667,-0.113767561,0
49.8,-0.113767561,0
49.83333333,-0.113767561,0
49.86666667,-0.113767561,0
49.9,-0.113767561,0
49.93333333,-0.113767561,0
49.96666667,-0.113767561,0
50,-0.113767561,0
50.03333333,-0.113767561,0
50.06666667,-0.113767561,0
50.1,-0.113767561,0
50.13333333,-0.113767561,0
50.16666667,-0.113767561,0
50.2,-0.113767561,0
50.23333333,-0.113767561,0
50.26666667,-0.113767561,0
50.3,-0.113767561,0
50.33333333,-0.113767561,0
50.36666667,-0.113767561,0
50.4,-0.113767561,0
50.43333333,-0.113767561,0
50.46666667,-0.113767561,0
50.5,-0.113767561,0
50.53333333,-0.113767561,0
50.56666667,-0.113767561,0
50.6,-0.113767561,0
50.63333333,-0.113767561,0
50.66666667,-0.113767561,0
50.7,-0.113767561,0
50.73333333,-0.113767561,0
50.76666667,-0.113767561,0
50.8,-0.113767561,0
50.83333333,-0.113767561,0
50.86666667,-0.113767561,0
50.9,-0.113767561,0
50.93333333,-0.113767561,0
50.96666667,-0.113767561,0
51,-0.113767561,0
51.03333333,-0.113767561,0
51.06666667,-0.113767561,0
51.1,-0.113767561,0
51.13333333,-0.113767561,0
51.16666667,-0.113767561,0
51.2,-0.113767561,0
51.23333333,-0.113767561,0
51.26666667,-0.113767561,0
51.3,-0.113767561,0
51.33333333,-0.113767561,0
51.36666667,-0.113767561,0
51.4,-0.113767561,0
51.43333333,-0.113767561,0
51.46666667,-0.113767561,0
51.5,-0.113767561,0
51.53333333,-0.113767561,0
51.56666667,-0.113767561,0
51.6,-0.113767561,0
51.63333333,-0.113767561,0
51.66666667,-0.113767561,0
51.7,-0.113767561,0
51.73333333,-0.113767561,0
51.76666667,-0.113767561,0
51.8,-0.113767561,0
51.83333333,-0.113767561,0
51.86666667,-0.113767561,0
51.9,-0.113767561,0
51.93333333,-0.113767561,0
51.96666667,-0.113767561,0
52,-0.113767561,0
52.03333333,-0.113767561,0
52.06666667,-0.113767561,0
52.1,-0.113767561,0
52.13333333,-0.113767561,0
52.16666667,-0.113767561,0
52.2,-0.113767561,0
52.23333333,-0.113767561,0
52.26666667,-0.113767561,0
52.3,-0.113767561,0
52.33333333,-0.113767561,0
52.36666667,-0.113767561,0
52.4,-0.113767561,0
52.43333333,-0.113767561,0
52.46666667,-0.113767561,0
52.5,-0.113767561,0
52.53333333,-0.113767561,0
52.56666667,-0.113767561,0
52.6,-0.113767561,0
52.63333333,-0.113767561,0
52.66666667,-0.113767561,0
52.7,-0.113767561,0
52.73333333,-0.113767561,0
52.76666667,-0.113767561,0
52.8,-0.113767561,0
52.83333333,-0.113767561,0
52.86666667,-0.113767561,0
52.9,-0.113767561,0
52.93333333,-0.113767561,0
52.96666667,-0.113767561,0
53,-0.113767561,0
53.03333333,-0.113767561,0
53.06666667,-0.113767561,0
53.1,-0.113767561,0
53.13333333,-0.113767561,0
53.16666667,-0.113767561,0
53.2,-0.113767561,0
53.23333333,-0.113767561,0
53.26666667,-0.113767561,0
53.3,-0.113767561,0
53.33333333,-0.113767561,0
53.36666667,-0.113767561,0
53.4,-0.113767561,0
53.43333333,-0.113767561,0
53.46666667,-0.113767561,0
53.5,-0.113767561,0
53.53333333,-0.113767561,0
53.56666667,-0.113767561,0
53.6,-0.113767561,0
53.63333333,-0.113767561,0
53.66666667,-0.113767561,0
53.7,-0.113767561,0
53.73333333,-0.113767561,0
53.76666667,-0.113767561,0
53.8,-0.113767561,0
53.83333333,-0.113767561,0
53.86666667,-0.113767561,0
53.9,-0.113767561,0
53.93333333,-0.113767561,0
53.96666667,-0.113767561,0
54,-0.113767561,0
54.03333333,-0.113767561,0
54.06666667,-0.113767561,0
54.1,-0.113767561,0
54.13333333,-0.113767561,0
54.16666667,-0.113767561,0
54.2,-0.113767561,0
54.23333333,-0.113767561,0
54.26666667,-0.113767561,0
54.3,-0.113767561,0
54.33333333,-0.113767561,0
54.36666667,-0.113767561,0
54.4,-0.113767561,0
54.43333333,-0.113767561,0
54.46666667,-0.113767561,0
54.5,-0.113767561,0
54.53333333,-0.113767561,0
54.56666667,-0.113767561,0
54.6,-0.113767561,0
54.63333333,-0.113767561,0
54.66666667,-0.113767561,0
54.7,-0.113767561,0
54.73333333,-0.113767561,0
54.76666667,-0.113767561,0
54.8,-0.113767561,0
54.83333333,-0.113767561,0
54.86666667,-0.113767561,0
54.9,-0.113767561,0
54.93333333,-0.113767561,0
54.96666667,-0.113767561,0
55,-0.113767561,0
55.03333333,-0.113767561,0
55.06666667,-0.113767561,0
55.1,-0.113767561,0
